Treatment,Time,Temp,Hum,DP
Control,7/19/2024 0:20,23,55,13.5
Control,7/19/2024 1:20,23,56,13.8
Control,7/19/2024 2:20,23,55,13.5
Control,7/19/2024 3:20,23,56,13.8
Control,7/19/2024 4:20,23,54.5,13.3
Control,7/19/2024 5:20,23,56.5,13.9
Control,7/19/2024 6:20,23,56.5,13.9
Control,7/19/2024 7:20,23,56.5,13.9
Control,7/19/2024 8:20,23,56.5,13.9
Control,7/19/2024 9:20,22.5,57.5,13.7
Control,7/19/2024 10:20,23,57,14
Control,7/19/2024 11:20,23.5,56.5,14.4
Control,7/19/2024 12:20,23.5,56,14.2
Control,7/19/2024 13:20,23.5,53.5,13.5
Control,7/19/2024 14:20,24.5,46.5,12.3
Control,7/19/2024 15:20,24,47,12
Control,7/19/2024 16:20,29,47,16.5
Control,7/19/2024 17:20,30,59.5,21.2
Control,7/19/2024 18:20,25,55,15.3
Control,7/19/2024 19:20,23,59,14.6
Control,7/19/2024 20:20,22,60,13.9
Control,7/19/2024 21:20,20.5,66,13.9
Control,7/19/2024 22:20,20,71,14.6
Control,7/19/2024 23:20,19,72.5,13.9
Control,7/20/2024 0:20,18,79,14.3
Control,7/20/2024 1:20,18,76,13.7
Control,7/20/2024 2:20,18,80,14.5
Control,7/20/2024 3:20,18,81,14.7
Control,7/20/2024 4:20,17,83,14.1
Control,7/20/2024 5:20,16.5,84,13.8
Control,7/20/2024 6:20,16.5,87,14.3
Control,7/20/2024 7:20,17,86.5,14.7
Control,7/20/2024 8:20,18.5,85.5,16
Control,7/20/2024 9:20,21.5,72.5,16.3
Control,7/20/2024 10:20,24.5,61.5,16.6
Control,7/20/2024 11:20,23.5,64,16.3
Control,7/20/2024 12:20,25,56,15.6
Control,7/20/2024 13:20,27,50,15.7
Control,7/20/2024 14:20,26.5,55.5,16.9
Control,7/20/2024 15:20,26,60,17.6
Control,7/20/2024 16:20,25,62.5,17.3
Control,7/20/2024 17:20,25.5,60.5,17.3
Control,7/20/2024 18:20,24,63,16.5
Control,7/20/2024 19:20,23.5,64,16.3
Control,7/20/2024 20:20,22.5,65.5,15.7
Control,7/20/2024 21:20,22,67.5,15.7
Control,7/20/2024 22:20,21.5,71.5,16.1
Control,7/20/2024 23:20,21.5,70.5,15.9
Control,7/21/2024 0:20,21,74.5,16.3
Control,7/21/2024 1:20,21,77.5,16.9
Control,7/21/2024 2:20,21,78,17
Control,7/21/2024 3:20,21,79.5,17.3
Control,7/21/2024 4:20,20.5,81.5,17.2
Control,7/21/2024 5:20,20.5,82,17.3
Control,7/21/2024 6:20,20,86,17.6
Control,7/21/2024 7:20,20,88,18
Control,7/21/2024 8:20,19.5,93.5,18.4
Control,7/21/2024 9:20,20.5,95,19.7
Control,7/21/2024 10:20,21,93.5,19.9
Control,7/21/2024 11:20,21.5,91,20
Control,7/21/2024 12:20,24,78.5,20
Control,7/21/2024 13:20,25,70,19.1
Control,7/21/2024 14:20,24.5,73,19.3
Control,7/21/2024 15:20,25,69,18.9
Control,7/21/2024 16:20,24.5,76.5,20.1
Control,7/21/2024 17:20,24,72.5,18.7
Control,7/21/2024 18:20,24,74.5,19.2
Control,7/21/2024 19:20,23,78,19
Control,7/21/2024 20:20,22.5,80.5,19
Control,7/21/2024 21:20,22,84,19.2
Control,7/21/2024 22:20,21.5,86,19.1
Control,7/21/2024 23:20,20.5,87,18.3
Control,7/22/2024 0:20,20.5,86.5,18.2
Control,7/22/2024 1:20,20,90.5,18.4
Control,7/22/2024 2:20,19.5,92,18.2
Control,7/22/2024 3:20,19,94,18
Control,7/22/2024 4:20,18.5,97,18
Control,7/22/2024 5:20,19,97.5,18.6
Control,7/22/2024 6:20,19,95.5,18.3
Control,7/22/2024 7:20,20,96,19.3
Control,7/22/2024 8:20,21.5,91.5,20.1
Control,7/22/2024 9:20,24,80,20.3
Control,7/22/2024 10:20,25.5,68.5,19.3
Control,7/22/2024 11:20,29,57.5,19.8
Control,7/22/2024 12:20,26.5,65,19.4
Control,7/22/2024 13:20,26.5,65,19.4
Control,7/22/2024 14:20,27.5,61,19.3
Control,7/22/2024 15:20,28,59,19.2
Control,7/22/2024 16:20,28,61,19.8
Control,7/22/2024 17:20,26,64.5,18.8
Control,7/22/2024 18:20,26.5,68,20.1
Control,7/22/2024 19:20,26,67.5,19.5
Control,7/22/2024 20:20,24.5,72.5,19.2
Control,7/22/2024 21:20,24,71.5,18.5
Control,7/22/2024 22:20,23,75.5,18.4
Control,7/22/2024 23:20,22.5,79,18.7
Control,7/23/2024 0:20,21.5,83,18.5
Control,7/23/2024 1:20,21,88,18.9
Control,7/23/2024 2:20,20,91.5,18.6
Control,7/23/2024 3:20,19.5,94,18.5
Control,7/23/2024 4:20,19.5,94,18.5
Control,7/23/2024 5:20,19,97.5,18.6
Control,7/23/2024 6:20,18.5,98,18.2
Control,7/23/2024 7:20,19,96.5,18.4
Control,7/23/2024 8:20,21.5,92.5,20.2
Control,7/23/2024 9:20,23.5,84.5,20.7
Control,7/23/2024 10:20,27.5,72,22
Control,7/23/2024 11:20,29.5,60.5,21
Control,7/23/2024 12:20,28.5,61.5,20.4
Control,7/23/2024 13:20,28.5,64.5,21.1
Control,7/23/2024 14:20,29.5,60.5,21
Control,7/23/2024 15:20,29,59.5,20.3
Control,7/23/2024 16:20,28.5,62,20.5
Control,7/23/2024 17:20,28.5,66.5,21.6
Control,7/23/2024 18:20,27.5,70.5,21.7
Control,7/23/2024 19:20,27,73,21.7
Control,7/23/2024 20:20,25,79,21.1
Control,7/23/2024 21:20,25,75.5,20.4
Control,7/23/2024 22:20,23.5,83.5,20.5
Control,7/23/2024 23:20,22.5,86,20
Control,7/24/2024 0:20,23.5,83.5,20.5
Control,7/24/2024 1:20,22.5,87.5,20.3
Control,7/24/2024 2:20,22.5,88.5,20.5
Control,7/24/2024 3:20,22,91,20.5
Control,7/24/2024 4:20,21.5,92.5,20.2
Control,7/24/2024 5:20,21,92.5,19.7
Control,7/24/2024 6:20,20.5,94.5,19.6
Control,7/24/2024 7:20,21.5,93.5,20.4
Control,7/24/2024 8:20,23,88.5,21
Control,7/24/2024 9:20,24.5,83,21.4
Control,7/24/2024 10:20,27.5,76,22.9
Control,7/24/2024 11:20,32.5,54,22
Control,7/24/2024 12:20,28.5,67,21.8
Control,7/24/2024 13:20,30.5,59,21.6
Control,7/24/2024 14:20,30.5,58,21.3
Control,7/24/2024 15:20,31,57.5,21.6
Control,7/24/2024 16:20,31,59,22
Control,7/24/2024 17:20,30,59.5,21.2
Control,7/24/2024 18:20,29,65.5,21.9
Control,7/24/2024 19:20,27,66.5,20.2
Control,7/24/2024 20:20,26,67.5,19.5
Control,7/24/2024 21:20,26,66.5,19.3
Control,7/24/2024 22:20,25,73,19.8
Control,7/24/2024 23:20,23,81.5,19.7
Control,7/25/2024 0:20,22.5,86,20
Control,7/25/2024 1:20,22,88.5,20
Control,7/25/2024 2:20,21.5,91,20
Control,7/25/2024 3:20,20.5,93.5,19.4
Control,7/25/2024 4:20,20.5,94.5,19.6
Control,7/25/2024 5:20,20,96,19.3
Control,7/25/2024 6:20,20,95.5,19.3
Control,7/25/2024 7:20,20.5,98,20.2
Control,7/25/2024 8:20,22.5,93,21.3
Control,7/25/2024 9:20,25.5,84.5,22.7
Control,7/25/2024 10:20,28.5,70.5,22.6
Control,7/25/2024 11:20,33.5,56,23.5
Control,7/25/2024 12:20,30.5,63,22.7
Control,7/25/2024 13:20,30,62,21.9
Control,7/25/2024 14:20,24,92.5,22.7
Control,7/25/2024 15:20,21.5,100,21.5
Control,7/25/2024 16:20,23.5,100,23.5
Control,7/25/2024 17:20,26,100,26
Control,7/25/2024 18:20,26,100,26
Control,7/25/2024 19:20,25.5,99.5,25.4
Control,7/25/2024 20:20,25,100,25
Control,7/25/2024 21:20,24.5,95,23.6
Control,7/25/2024 22:20,24,91,22.4
Control,7/25/2024 23:20,23.5,92.5,22.2
Control,7/26/2024 0:20,23.5,91.5,22
Control,7/26/2024 1:20,23.5,93,22.3
Control,7/26/2024 2:20,22.5,97.5,22.1
Control,7/26/2024 3:20,22.5,98,22.2
Control,7/26/2024 4:20,22.5,99,22.3
Control,7/26/2024 5:20,22,99.5,21.9
Control,7/26/2024 6:20,22,100,22
Control,7/26/2024 7:20,22,98,21.7
Control,7/26/2024 8:20,23,90.5,21.4
Control,7/26/2024 9:20,24.5,85,21.8
Control,7/26/2024 10:20,26,79.5,22.2
Control,7/26/2024 11:20,30.5,67.5,23.8
Control,7/26/2024 12:20,29,69.5,22.8
Control,7/26/2024 13:20,28.5,73,23.2
Control,7/26/2024 14:20,28.5,72.5,23.1
Control,7/26/2024 15:20,29.5,69.5,23.3
Control,7/26/2024 16:20,29,71.5,23.3
Control,7/26/2024 17:20,29,67.5,22.4
Control,7/26/2024 18:20,27.5,72.5,22.1
Control,7/26/2024 19:20,26.5,75.5,21.8
Control,7/26/2024 20:20,25.5,76.5,21.1
Control,7/26/2024 21:20,24.5,81.5,21.1
Control,7/26/2024 22:20,24,81.5,20.6
Control,7/26/2024 23:20,23.5,83.5,20.5
Control,7/27/2024 0:20,23,86.5,20.6
Control,7/27/2024 1:20,22.5,89,20.6
Control,7/27/2024 2:20,22,92,20.6
Control,7/27/2024 3:20,21.5,93,20.3
Control,7/27/2024 4:20,21,94,20
Control,7/27/2024 5:20,20.5,95.5,19.8
Control,7/27/2024 6:20,21,96,20.3
Control,7/27/2024 7:20,21,94,20
Control,7/27/2024 8:20,22.5,90,20.8
Control,7/27/2024 9:20,24,85,21.3
Control,7/27/2024 10:20,25,83,21.9
Control,7/27/2024 11:20,25.5,80,21.8
Control,7/27/2024 12:20,25,82.5,21.8
Control,7/27/2024 13:20,25,84,22.1
Control,7/27/2024 14:20,25,86.5,22.6
Control,7/27/2024 15:20,25,91.5,23.5
Control,7/27/2024 16:20,24.5,100,24.5
Control,7/27/2024 17:20,23,100,23
Control,7/27/2024 18:20,22.5,100,22.5
Control,7/27/2024 19:20,23,100,23
Control,7/27/2024 20:20,22.5,100,22.5
Control,7/27/2024 21:20,22.5,100,22.5
Control,7/27/2024 22:20,22.5,100,22.5
Control,7/27/2024 23:20,22.5,100,22.5
Control,7/28/2024 0:20,22.5,100,22.5
Control,7/28/2024 1:20,22.5,100,22.5
Control,7/28/2024 2:20,22.5,100,22.5
Control,7/28/2024 3:20,22,100,22
Control,7/28/2024 4:20,22,100,22
Control,7/28/2024 5:20,22,100,22
Control,7/28/2024 6:20,22,100,22
Control,7/28/2024 7:20,22,100,22
Control,7/28/2024 8:20,22.5,100,22.5
Control,7/28/2024 9:20,23.5,100,23.5
Control,7/28/2024 10:20,24.5,100,24.5
Control,7/28/2024 11:20,26,100,26
Control,7/28/2024 12:20,26.5,93,25.3
Control,7/28/2024 13:20,28.5,83,25.3
Control,7/28/2024 14:20,28.5,73,23.2
Control,7/28/2024 15:20,27.5,79.5,23.6
Control,7/28/2024 16:20,26.5,69.5,20.5
Control,7/28/2024 17:20,24.5,79.5,20.7
Control,7/28/2024 18:20,25,78.5,21
Control,7/28/2024 19:20,24,87,21.7
Control,7/28/2024 20:20,23.5,91,21.9
Control,7/28/2024 21:20,23,89.5,21.2
Control,7/28/2024 22:20,22.5,95,21.7
Control,7/28/2024 23:20,22.5,93.5,21.4
Control,7/29/2024 0:20,22.5,96.5,21.9
Control,7/29/2024 1:20,23.5,97,23
Control,7/29/2024 2:20,23.5,96,22.8
Control,7/29/2024 3:20,24,93.5,22.9
Control,7/29/2024 4:20,23.5,94.5,22.6
Control,7/29/2024 5:20,23.5,94.5,22.6
Control,7/29/2024 6:20,23.5,92,22.1
Control,7/29/2024 7:20,24,92,22.6
Control,7/29/2024 8:20,23.5,96.5,22.9
Control,7/29/2024 9:20,21,100,21
Control,7/29/2024 10:20,21.5,100,21.5
Control,7/29/2024 11:20,23,100,23
Control,7/29/2024 12:20,25.5,100,25.5
Control,7/29/2024 13:20,27,99.5,26.9
Control,7/29/2024 14:20,28,95.5,27.2
Control,7/29/2024 15:20,30,85,27.2
Control,7/29/2024 16:20,31,75.5,26.2
Control,7/29/2024 17:20,31,77,26.5
Control,7/29/2024 18:20,31,77.5,26.6
Control,7/29/2024 19:20,30,79,26
Control,7/29/2024 20:20,29,80,25.2
Control,7/29/2024 21:20,28,84,25
Control,7/29/2024 22:20,27.5,87.5,25.2
Control,7/29/2024 23:20,27.5,89.5,25.6
Control,7/30/2024 0:20,26.5,92,25.1
Control,7/30/2024 1:20,26,94.5,25
Control,7/30/2024 2:20,26.5,91.5,25
Control,7/30/2024 3:20,26.5,91,24.9
Control,7/30/2024 4:20,25.5,94,24.5
Control,7/30/2024 5:20,25,94.5,24.1
Control,7/30/2024 6:20,25,94,24
Control,7/30/2024 7:20,25,93,23.8
Control,7/30/2024 8:20,26,90,24.2
Control,7/30/2024 9:20,27.5,85,24.7
Control,7/30/2024 10:20,29,83,25.8
Control,7/30/2024 11:20,34,67.5,27.1
Control,7/30/2024 12:20,31.5,72.5,25.9
Control,7/30/2024 13:20,32,72.5,26.4
Control,7/30/2024 14:20,33,69,26.5
Control,7/30/2024 15:20,32.5,73,27
Control,7/30/2024 16:20,25.5,92.5,24.2
Control,7/30/2024 17:20,22.5,100,22.5
Control,7/30/2024 18:20,22.5,99.5,22.4
Control,7/30/2024 19:20,23.5,96.5,22.9
Control,7/30/2024 20:20,23,96.5,22.4
Control,7/30/2024 21:20,23,98.5,22.8
Control,7/30/2024 22:20,23.5,95.5,22.7
Control,7/30/2024 23:20,24,86,21.5
Control,7/31/2024 0:20,23,91.5,21.5
Control,7/31/2024 1:20,23,90.5,21.4
Control,7/31/2024 2:20,23,92,21.6
Control,7/31/2024 3:20,23.5,95.5,22.7
Control,7/31/2024 4:20,23.5,95.5,22.7
Control,7/31/2024 5:20,23.5,99.5,23.4
Control,7/31/2024 6:20,25,93.5,23.9
Control,7/31/2024 7:20,24.5,93.5,23.4
Control,7/31/2024 8:20,26,88.5,23.9
Control,7/31/2024 9:20,27.5,85.5,24.8
Control,7/31/2024 10:20,29.5,78,25.3
Control,7/31/2024 11:20,31.5,77,27
Control,7/31/2024 12:20,28,74.5,23
Control,7/31/2024 13:20,30,71,24.2
Control,7/31/2024 14:20,31,70.5,25
Control,7/31/2024 15:20,31.5,72.5,25.9
Control,7/31/2024 16:20,31.5,71.5,25.7
Control,7/31/2024 17:20,31.5,74,26.3
Control,7/31/2024 18:20,30.5,78.5,26.3
Control,7/31/2024 19:20,29.5,81.5,26
Control,7/31/2024 20:20,28,88.5,25.9
Control,7/31/2024 21:20,28,89.5,26.1
Control,7/31/2024 22:20,28,90,26.2
Control,7/31/2024 23:20,28,87,25.6
Control,8/1/2024 0:20,28,83,24.8
Control,8/1/2024 1:20,28,82.5,24.7
Control,8/1/2024 2:20,27.5,84,24.5
Control,8/1/2024 3:20,27,84.5,24.2
Control,8/1/2024 4:20,25.5,78.5,21.5
Control,8/1/2024 5:20,23.5,87.5,21.3
Control,8/1/2024 6:20,23,91.5,21.5
Control,8/1/2024 7:20,23.5,91.5,22
Control,8/1/2024 8:20,24.5,89.5,22.7
Control,8/1/2024 9:20,25.5,88,23.4
Control,8/1/2024 10:20,27.5,80,23.7
Control,8/1/2024 11:20,33.5,61.5,25.1
Control,8/1/2024 12:20,30,70,23.9
Control,8/1/2024 13:20,31,67.5,24.3
Control,8/1/2024 14:20,32,62.5,23.9
Control,8/1/2024 15:20,32,59,23
Control,8/1/2024 16:20,32.5,62,24.3
Control,8/1/2024 17:20,31.5,64.5,24
Control,8/1/2024 18:20,30,73,24.6
Control,8/1/2024 19:20,29,75,24.1
Control,8/1/2024 20:20,28.5,75.5,23.7
Control,8/1/2024 21:20,28,77,23.6
Control,8/1/2024 22:20,27,83.5,24
Control,8/1/2024 23:20,26,85,23.3
Control,8/2/2024 0:20,25,87,22.7
Control,8/2/2024 1:20,24.5,90,22.7
Control,8/2/2024 2:20,24,92.5,22.7
Control,8/2/2024 3:20,23.5,94.5,22.6
Control,8/2/2024 4:20,23,95,22.2
Control,8/2/2024 5:20,22.5,97,22
Control,8/2/2024 6:20,22.5,96,21.8
Control,8/2/2024 7:20,22.5,95,21.7
Control,8/2/2024 8:20,23.5,85.5,20.9
Control,8/2/2024 9:20,24.5,79,20.6
Control,8/2/2024 10:20,25,77.5,20.8
Control,8/2/2024 11:20,27,71.5,21.4
Control,8/2/2024 12:20,26.5,73,21.3
Control,8/2/2024 13:20,26.5,72,21
Control,8/2/2024 14:20,28,70,22
Control,8/2/2024 15:20,27.5,67,20.8
Control,8/2/2024 16:20,27.5,69.5,21.4
Control,8/2/2024 17:20,26.5,74.5,21.6
Control,8/2/2024 18:20,27.5,72,22
Control,8/2/2024 19:20,26.5,70.5,20.7
Control,8/2/2024 20:20,25.5,74,20.5
Control,8/2/2024 21:20,24,79.5,20.2
Control,8/2/2024 22:20,23.5,82,20.2
Control,8/2/2024 23:20,23.5,84.5,20.7
Control,8/3/2024 0:20,23,87.5,20.8
Control,8/3/2024 1:20,22.5,90,20.8
Control,8/3/2024 2:20,22,92,20.6
Control,8/3/2024 3:20,21.5,94,20.5
Control,8/3/2024 4:20,21.5,94,20.5
Control,8/3/2024 5:20,21.5,95,20.7
Control,8/3/2024 6:20,21,97,20.5
Control,8/3/2024 7:20,21.5,96.5,20.9
Control,8/3/2024 8:20,23,91.5,21.5
Control,8/3/2024 9:20,25,86,22.5
Control,8/3/2024 10:20,27.5,75.5,22.8
Control,8/3/2024 11:20,32,60.5,23.4
Control,8/3/2024 12:20,30,62,21.9
Control,8/3/2024 13:20,30.5,61.5,22.3
Control,8/3/2024 14:20,31,59,22
Control,8/3/2024 15:20,31.5,55,21.4
Control,8/3/2024 16:20,31,60,22.3
Control,8/3/2024 17:20,31.5,59.5,22.6
Control,8/3/2024 18:20,30.5,62.5,22.5
Control,8/3/2024 19:20,27.5,74.5,22.6
Control,8/3/2024 20:20,27,73,21.7
Control,8/3/2024 21:20,26.5,74.5,21.6
Control,8/3/2024 22:20,26,77.5,21.8
Control,8/3/2024 23:20,24.5,85.5,21.9
Control,8/4/2024 0:20,23.5,91,21.9
Control,8/4/2024 1:20,23.5,91,21.9
Control,8/4/2024 2:20,23,93.5,21.9
Control,8/4/2024 3:20,22.5,96,21.8
Control,8/4/2024 4:20,23,92.5,21.7
Control,8/4/2024 5:20,23,93.5,21.9
Control,8/4/2024 6:20,23,91,21.4
Control,8/4/2024 7:20,23,91.5,21.5
Control,8/4/2024 8:20,24.5,85.5,21.9
Control,8/4/2024 9:20,26,81,22.5
Control,8/4/2024 10:20,29.5,70,23.4
Control,8/4/2024 11:20,32,60.5,23.4
Control,8/4/2024 12:20,31.5,58,22.2
Control,8/4/2024 13:20,32.5,57,22.9
Control,8/4/2024 14:20,33,54.5,22.6
Control,8/4/2024 15:20,33,57,23.3
Control,8/4/2024 16:20,32,59.5,23.1
Control,8/4/2024 17:20,32,60,23.3
Control,8/4/2024 18:20,30.5,68.5,24
Control,8/4/2024 19:20,29.5,70,23.4
Control,8/4/2024 20:20,28,72,22.5
Control,8/4/2024 21:20,27.5,76,22.9
Control,8/4/2024 22:20,26.5,80.5,22.9
Control,8/4/2024 23:20,26,85,23.3
Control,8/5/2024 0:20,25.5,81.5,22.1
Control,8/5/2024 1:20,25,85.5,22.4
Control,8/5/2024 2:20,24.5,86.5,22.1
Control,8/5/2024 3:20,24.5,83.5,21.5
Control,8/5/2024 4:20,25,81,21.5
Control,8/5/2024 5:20,24,84,21.1
Control,8/5/2024 6:20,23.5,87.5,21.3
Control,8/5/2024 7:20,24,85.5,21.4
Control,8/5/2024 8:20,25,83.5,22
Control,8/5/2024 9:20,27,78.5,22.9
Control,8/5/2024 10:20,31,68,24.4
Control,8/5/2024 11:20,32.5,64.5,24.9
Control,8/5/2024 12:20,32.5,61,24
Control,8/5/2024 13:20,33,54.5,22.6
Control,8/5/2024 14:20,33.5,51.5,22.1
Control,8/5/2024 15:20,34,53,23.1
Control,8/5/2024 16:20,33.5,52,22.3
Control,8/5/2024 17:20,32.5,58,23.2
Control,8/5/2024 18:20,31.5,63.5,23.7
Control,8/5/2024 19:20,30,68.5,23.6
Control,8/5/2024 20:20,28,70,22
Control,8/5/2024 21:20,28.5,67.5,21.9
Control,8/5/2024 22:20,27,75.5,22.3
Control,8/5/2024 23:20,27.5,70,21.5
Control,8/6/2024 0:20,26,78,21.9
Control,8/6/2024 1:20,27,76,22.4
Control,8/6/2024 2:20,25,84,22.1
Control,8/6/2024 3:20,24,89,22.1
Control,8/6/2024 4:20,24,90,22.3
Control,8/6/2024 5:20,23.5,89.5,21.7
Control,8/6/2024 6:20,23.5,85.5,20.9
Control,8/6/2024 7:20,23.5,81.5,20.1
Control,8/6/2024 8:20,24.5,76.5,20.1
Control,8/6/2024 9:20,26.5,71.5,20.9
Control,8/6/2024 10:20,31,61,22.6
Control,8/6/2024 11:20,31.5,61,23.1
Control,8/6/2024 12:20,31.5,57.5,22.1
Control,8/6/2024 13:20,32,57.5,22.6
Control,8/6/2024 14:20,32.5,60.5,23.9
Control,8/6/2024 15:20,30.5,66.5,23.5
Control,8/6/2024 16:20,28,73.5,22.8
Control,8/6/2024 17:20,27.5,70.5,21.7
Control,8/6/2024 18:20,24.5,75.5,19.9
Control,8/6/2024 19:20,23,78.5,19.1
Control,8/6/2024 20:20,21.5,82.5,18.4
Control,8/6/2024 21:20,20.5,86.5,18.2
Control,8/6/2024 22:20,19,94.5,18.1
Control,8/6/2024 23:20,19,94,18
Control,8/7/2024 0:20,19,92.5,17.8
Control,8/7/2024 1:20,18.5,97.5,18.1
Control,8/7/2024 2:20,18.5,98.5,18.3
Control,8/7/2024 3:20,18.5,99.5,18.4
Control,8/7/2024 4:20,18.5,100,18.5
Control,8/7/2024 5:20,18.5,99.5,18.4
Control,8/7/2024 6:20,18.5,99,18.3
Control,8/7/2024 7:20,18.5,99.5,18.4
Control,8/7/2024 8:20,19,98,18.7
Control,8/7/2024 9:20,20.5,93.5,19.4
Control,8/7/2024 10:20,21,89,19.1
Control,8/7/2024 11:20,21.5,83.5,18.6
Control,8/7/2024 12:20,22.5,81.5,19.2
Control,8/7/2024 13:20,24,74.5,19.2
Control,8/7/2024 14:20,23.5,75.5,18.9
Control,8/7/2024 15:20,24,73.5,19
Control,8/7/2024 16:20,24,73.5,19
Control,8/7/2024 17:20,24,74.5,19.2
Control,8/7/2024 18:20,23,78,19
Control,8/7/2024 19:20,22.5,81,19.1
Control,8/7/2024 20:20,22,85.5,19.5
Control,8/7/2024 21:20,22,84,19.2
Control,8/7/2024 22:20,21.5,87.5,19.3
Control,8/7/2024 23:20,21.5,88,19.4
Control,8/8/2024 0:20,20.5,90,18.8
Control,8/8/2024 1:20,20,94,19
Control,8/8/2024 2:20,20,95.5,19.3
Control,8/8/2024 3:20,20,95.5,19.3
Control,8/8/2024 4:20,19.5,97,19
Control,8/8/2024 5:20,19,98.5,18.8
Control,8/8/2024 6:20,19,98.5,18.8
Control,8/8/2024 7:20,19,98,18.7
Control,8/8/2024 8:20,21,93.5,19.9
Control,8/8/2024 9:20,22.5,87,20.2
Control,8/8/2024 10:20,25.5,74,20.5
Control,8/8/2024 11:20,25.5,72.5,20.2
Control,8/8/2024 12:20,27,65,19.9
Control,8/8/2024 13:20,27,67,20.3
Control,8/8/2024 14:20,26.5,70.5,20.7
Control,8/8/2024 15:20,28,65,20.8
Control,8/8/2024 16:20,26.5,66.5,19.7
Control,8/8/2024 17:20,25,69.5,19
Control,8/8/2024 18:20,24.5,68,18.2
Control,8/8/2024 19:20,24,73,18.9
Control,8/8/2024 20:20,23.5,76.5,19.1
Control,8/8/2024 21:20,23,81,19.6
Control,8/8/2024 22:20,22.5,85,19.9
Control,8/8/2024 23:20,22,87.5,19.8
Control,8/9/2024 0:20,22,89.5,20.2
Control,8/9/2024 1:20,22.5,85.5,19.9
Control,8/9/2024 2:20,22,82.5,18.9
Control,8/9/2024 3:20,21.5,71,16
Control,8/9/2024 4:20,21,74,16.2
Control,8/9/2024 5:20,20,67.5,13.8
Control,8/9/2024 6:20,19.5,67.5,13.3
Control,8/9/2024 7:20,18,74,13.3
Control,8/9/2024 8:20,18.5,73,13.6
Control,8/9/2024 9:20,20,65,13.2
Control,8/9/2024 10:20,22,56.5,13
Control,8/9/2024 11:20,23,54,13.2
Control,8/9/2024 12:20,23,56.5,13.9
Control,8/9/2024 13:20,23.5,54.5,13.8
Control,8/9/2024 14:20,24,55.5,14.5
Control,8/9/2024 15:20,24,55,14.4
Control,8/9/2024 16:20,25,53.5,14.9
Control,8/9/2024 17:20,24,55.5,14.5
Control,8/9/2024 18:20,23,58,14.3
Control,8/9/2024 19:20,21,71.5,15.7
Control,8/9/2024 20:20,20,73.5,15.1
Control,8/9/2024 21:20,19.5,70.5,14
Control,8/9/2024 22:20,19,72.5,13.9
Control,8/9/2024 23:20,18.5,74,13.8
Control,8/10/2024 0:20,17.5,77.5,13.5
Control,8/10/2024 1:20,16.5,83.5,13.7
Control,8/10/2024 2:20,16,85.5,13.6
Control,8/10/2024 3:20,15.5,86,13.2
Control,8/10/2024 4:20,15,87.5,12.9
Control,8/10/2024 5:20,14.5,89,12.7
Control,8/10/2024 6:20,14,90.5,12.5
Control,8/10/2024 7:20,14,93,12.9
Control,8/10/2024 8:20,16,88,14
Control,8/10/2024 9:20,19,78,15.1
Control,8/10/2024 10:20,23,59.5,14.7
Control,8/10/2024 11:20,23.5,51,12.8
Control,8/10/2024 12:20,24,50,12.9
Control,8/10/2024 13:20,24,51,13.2
Control,8/10/2024 14:20,25.5,47.5,13.5
Control,8/10/2024 15:20,25,50.5,14
Control,8/10/2024 16:20,25.5,51,14.6
Control,8/10/2024 17:20,24,55.5,14.5
Control,8/10/2024 18:20,22.5,68.5,16.4
Control,8/10/2024 19:20,21.5,63.5,14.3
Control,8/10/2024 20:20,20.5,65.5,13.8
Control,8/10/2024 21:20,20.5,66,13.9
Control,8/10/2024 22:20,20,70.5,14.5
Control,8/10/2024 23:20,19,76.5,14.8
Control,8/11/2024 0:20,18.5,77,14.4
Control,8/11/2024 1:20,19,80,15.5
Control,8/11/2024 2:20,18.5,80,15
Control,8/11/2024 3:20,18,84,15.3
Control,8/11/2024 4:20,18.5,80.5,15.1
Control,8/11/2024 5:20,18.5,84,15.7
Control,8/11/2024 6:20,18,84.5,15.3
Control,8/11/2024 7:20,18.5,81.5,15.3
Control,8/11/2024 8:20,20,81.5,16.7
Control,8/11/2024 9:20,22,68.5,15.9
Control,8/11/2024 10:20,25.5,59,16.9
Control,8/11/2024 11:20,26.5,49,14.9
Control,8/11/2024 12:20,26.5,49.5,15.1
Control,8/11/2024 13:20,26.5,58,17.6
Control,8/11/2024 14:20,27,51,16
Control,8/11/2024 15:20,26.5,55,16.7
Control,8/11/2024 16:20,26,55,16.3
Control,8/11/2024 17:20,24.5,59,16
Control,8/11/2024 18:20,24,63,16.5
Control,8/11/2024 19:20,23,69.5,17.1
Control,8/11/2024 20:20,22.5,66.5,16
Control,8/11/2024 21:20,22.5,67,16.1
Control,8/11/2024 22:20,22,70,16.3
Control,8/11/2024 23:20,21.5,70,15.8
Control,8/12/2024 0:20,21.5,69,15.6
Control,8/12/2024 1:20,21.5,73,16.5
Control,8/12/2024 2:20,21,72.5,15.9
Control,8/12/2024 3:20,21,76,16.6
Control,8/12/2024 4:20,20.5,78.5,16.6
Control,8/12/2024 5:20,20.5,79.5,16.8
Control,8/12/2024 6:20,20.5,74.5,15.8
Control,8/12/2024 7:20,21,70.5,15.4
Control,8/12/2024 8:20,21.5,71.5,16.1
Control,8/12/2024 9:20,21.5,76,17.1
Control,8/12/2024 10:20,21.5,78,17.5
Control,8/12/2024 11:20,21,90.5,19.4
Control,8/12/2024 12:20,20.5,88,18.4
Control,8/12/2024 13:20,19,100,19
Control,8/12/2024 14:20,19,100,19
Control,8/12/2024 15:20,19,100,19
Control,8/12/2024 16:20,19,100,19
Control,8/12/2024 17:20,19,100,19
Control,8/12/2024 18:20,19,100,19
Control,8/12/2024 19:20,18.5,100,18.5
Control,8/12/2024 20:20,18.5,100,18.5
Control,8/12/2024 21:20,18,100,18
Control,8/12/2024 22:20,18,100,18
Control,8/12/2024 23:20,18,100,18
Control,8/13/2024 0:20,18,100,18
Control,8/13/2024 1:20,17.5,100,17.5
Control,8/13/2024 2:20,17.5,100,17.5
Control,8/13/2024 3:20,17.5,100,17.5
Control,8/13/2024 4:20,17.5,100,17.5
Control,8/13/2024 5:20,17.5,100,17.5
Control,8/13/2024 6:20,17.5,100,17.5
Control,8/13/2024 7:20,17.5,100,17.5
Control,8/13/2024 8:20,18.5,100,18.5
Control,8/13/2024 9:20,19.5,100,19.5
Control,8/13/2024 10:20,20.5,100,20.5
Control,8/13/2024 11:20,22,99.5,21.9
Control,8/13/2024 12:20,23.5,85.5,20.9
Control,8/13/2024 13:20,24,88,21.9
Control,8/13/2024 14:20,25,80.5,21.4
Control,8/13/2024 15:20,24,85.5,21.4
Control,8/13/2024 16:20,24,84,21.1
Control,8/13/2024 17:20,24,86.5,21.6
Control,8/13/2024 18:20,24,85,21.3
Control,8/13/2024 19:20,23.5,85.5,20.9
Control,8/13/2024 20:20,23,86.5,20.6
Control,8/13/2024 21:20,22.5,89.5,20.7
Control,8/13/2024 22:20,22.5,90.5,20.9
Control,8/13/2024 23:20,22.5,89,20.6
Control,8/14/2024 0:20,22,92.5,20.7
Control,8/14/2024 1:20,22.5,88.5,20.5
Control,8/14/2024 2:20,22,89.5,20.2
Control,8/14/2024 3:20,22,89.5,20.2
Control,8/14/2024 4:20,21.5,88.5,19.5
Control,8/14/2024 5:20,21,90.5,19.4
Control,8/14/2024 6:20,21,89.5,19.2
Control,8/14/2024 7:20,21,90.5,19.4
Control,8/14/2024 8:20,22.5,87,20.2
Control,8/14/2024 9:20,23.5,82.5,20.3
Control,8/14/2024 10:20,23.5,86,21
Control,8/14/2024 11:20,24,82.5,20.8
Control,8/14/2024 12:20,22.5,91,21
Control,8/14/2024 13:20,21,100,21
Control,8/14/2024 14:20,21.5,100,21.5
Control,8/14/2024 15:20,22.5,100,22.5
Control,8/14/2024 16:20,23,100,23
Control,8/14/2024 17:20,23,100,23
Control,8/14/2024 18:20,23.5,100,23.5
Control,8/14/2024 19:20,23,100,23
Control,8/14/2024 20:20,22.5,100,22.5
Control,8/14/2024 21:20,22.5,99.5,22.4
Control,8/14/2024 22:20,22.5,99.5,22.4
Control,8/14/2024 23:20,22.5,100,22.5
Control,8/15/2024 0:20,22.5,100,22.5
Control,8/15/2024 1:20,22.5,100,22.5
Control,8/15/2024 2:20,22.5,100,22.5
Control,8/15/2024 3:20,22.5,99.5,22.4
Control,8/15/2024 4:20,22.5,98,22.2
Control,8/15/2024 5:20,22.5,99,22.3
Control,8/15/2024 6:20,22,100,22
Control,8/15/2024 7:20,22,100,22
Control,8/15/2024 8:20,23,99.5,22.9
Control,8/15/2024 9:20,24,96,23.3
Control,8/15/2024 10:20,27,88.5,24.9
Control,8/15/2024 11:20,27.5,83.5,24.5
Control,8/15/2024 12:20,28.5,78,24.3
Control,8/15/2024 13:20,29,76.5,24.4
Control,8/15/2024 14:20,31.5,65,24.1
Control,8/15/2024 15:20,31.5,66.5,24.5
Control,8/15/2024 16:20,31.5,70.5,25.5
Control,8/15/2024 17:20,31,70.5,25
Control,8/15/2024 18:20,30.5,72.5,25
Control,8/15/2024 19:20,29.5,75.5,24.7
Control,8/15/2024 20:20,28.5,79,24.5
Control,8/15/2024 21:20,25,100,25
Control,8/15/2024 22:20,23.5,100,23.5
Control,8/15/2024 23:20,21.5,100,21.5
Control,8/16/2024 0:20,22,100,22
Control,8/16/2024 1:20,22,100,22
Control,8/16/2024 2:20,21.5,100,21.5
Control,8/16/2024 3:20,21.5,100,21.5
Control,8/16/2024 4:20,21.5,100,21.5
Control,8/16/2024 5:20,21.5,100,21.5
Control,8/16/2024 6:20,21,100,21
Control,8/16/2024 7:20,21.5,100,21.5
Control,8/16/2024 8:20,22,100,22
Control,8/16/2024 9:20,23.5,100,23.5
Control,8/16/2024 10:20,26,98,25.7
Control,8/16/2024 11:20,27.5,83.5,24.5
Control,8/16/2024 12:20,29,81.5,25.5
Control,8/16/2024 13:20,30,75,25.1
Control,8/16/2024 14:20,30.5,71,24.6
Control,8/16/2024 15:20,31,62,22.9
Control,8/16/2024 16:20,31,62,22.9
Control,8/16/2024 17:20,30.5,62.5,22.5
Control,8/16/2024 18:20,29,67,22.2
Control,8/16/2024 19:20,28,67.5,21.4
Control,8/16/2024 20:20,27.5,67,20.8
Control,8/16/2024 21:20,27,71.5,21.4
Control,8/16/2024 22:20,26.5,74.5,21.6
Control,8/16/2024 23:20,24.5,82,21.2
Control,8/17/2024 0:20,24,84.5,21.2
Control,8/17/2024 1:20,24,84,21.1
Control,8/17/2024 2:20,24,86.5,21.6
Control,8/17/2024 3:20,23.5,87.5,21.3
Control,8/17/2024 4:20,23,90.5,21.4
Control,8/17/2024 5:20,22,94,21
Control,8/17/2024 6:20,22,95.5,21.2
Control,8/17/2024 7:20,22,95,21.2
Control,8/17/2024 8:20,23.5,91,21.9
Control,8/17/2024 9:20,25,88,22.9
Control,8/17/2024 10:20,28.5,74,23.4
Control,8/17/2024 11:20,28.5,71.5,22.8
Control,8/17/2024 12:20,29,70.5,23.1
Control,8/17/2024 13:20,30,60,21.4
Control,8/17/2024 14:20,30.5,63.5,22.8
Control,8/17/2024 15:20,29.5,64,22
Control,8/17/2024 16:20,30,60.5,21.5
Control,8/17/2024 17:20,29,60.5,20.6
Control,8/17/2024 18:20,28,63,20.3
Control,8/17/2024 19:20,26.5,68.5,20.2
Control,8/17/2024 20:20,25,77,20.7
Control,8/17/2024 21:20,24.5,78.5,20.5
Control,8/17/2024 22:20,24,79.5,20.2
Control,8/17/2024 23:20,23.5,83,20.4
Control,8/18/2024 0:20,22.5,86,20
Control,8/18/2024 1:20,21.5,91.5,20.1
Control,8/18/2024 2:20,21.5,92,20.1
Control,8/18/2024 3:20,21,93.5,19.9
Control,8/18/2024 4:20,20.5,95.5,19.8
Control,8/18/2024 5:20,20,97,19.5
Control,8/18/2024 6:20,20,96.5,19.4
Control,8/18/2024 7:20,20,96.5,19.4
Control,8/18/2024 8:20,21,92,19.6
Control,8/18/2024 9:20,23,82.5,19.9
Control,8/18/2024 10:20,25.5,75,20.7
Control,8/18/2024 11:20,26,69,19.9
Control,8/18/2024 12:20,26.5,67.5,20
Control,8/18/2024 13:20,28,63,20.3
Control,8/18/2024 14:20,28,63.5,20.4
Control,8/18/2024 15:20,27.5,64,20.1
Control,8/18/2024 16:20,26.5,67.5,20
Control,8/18/2024 17:20,27.5,63.5,20
Control,8/18/2024 18:20,26.5,64.5,19.3
Control,8/18/2024 19:20,24.5,68,18.2
Control,8/18/2024 20:20,24,70,18.2
Control,8/18/2024 21:20,23,77.5,18.9
Control,8/18/2024 22:20,21.5,83.5,18.6
Control,8/18/2024 23:20,21,85.5,18.5
Control,8/19/2024 0:20,21,85.5,18.5
Control,8/19/2024 1:20,20.5,90,18.8
Control,8/19/2024 2:20,19.5,93.5,18.4
Control,8/19/2024 3:20,19.5,95,18.7
Control,8/19/2024 4:20,19,95,18.2
Control,8/19/2024 5:20,19,95,18.2
Control,8/19/2024 6:20,19,95.5,18.3
Control,8/19/2024 7:20,19,96,18.3
Control,8/19/2024 8:20,20.5,92.5,19.2
Control,8/19/2024 9:20,22.5,85,19.9
Control,8/19/2024 10:20,26,70,20.1
Control,8/19/2024 11:20,26.5,68,20.1
Control,8/19/2024 12:20,27.5,64,20.1
Control,8/19/2024 13:20,28,60,19.5
Control,8/19/2024 14:20,28,55,18.1
Control,8/19/2024 15:20,28,58,19
Control,8/19/2024 16:20,27,62,19.1
Control,8/19/2024 17:20,27,61,18.8
Control,8/19/2024 18:20,25.5,67,18.9
Control,8/19/2024 19:20,24.5,66,17.7
Control,8/19/2024 20:20,23.5,72.5,18.3
Control,8/19/2024 21:20,23,70.5,17.3
Control,8/19/2024 22:20,21.5,77.5,17.4
Control,8/19/2024 23:20,21,76.5,16.7
Control,8/20/2024 0:20,19.5,78,15.6
Control,8/20/2024 1:20,19,77,14.9
Control,8/20/2024 2:20,17.5,80,14
Control,8/20/2024 3:20,17,80.5,13.6
Control,8/20/2024 4:20,16.5,86.5,14.2
Control,8/20/2024 5:20,16,86,13.7
Control,8/20/2024 6:20,15.5,86.5,13.3
Control,8/20/2024 7:20,16,87.5,13.9
Control,8/20/2024 8:20,17.5,88.5,15.6
Control,8/20/2024 9:20,20.5,73,15.5
Control,8/20/2024 10:20,23.5,60.5,15.4
Control,8/20/2024 11:20,25,55.5,15.5
Control,8/20/2024 12:20,25,55,15.3
Control,8/20/2024 13:20,26,54.5,16.1
Control,8/20/2024 14:20,26,53.5,15.8
Control,8/20/2024 15:20,25.5,52,14.9
Control,8/20/2024 16:20,24.5,57,15.4
Control,8/20/2024 17:20,24.5,60,16.2
Control,8/20/2024 18:20,23.5,62,15.8
Control,8/20/2024 19:20,21.5,66.5,15
Control,8/20/2024 20:20,20,76.5,15.7
Control,8/20/2024 21:20,20,69.5,14.3
Control,8/20/2024 22:20,19.5,70,13.9
Control,8/20/2024 23:20,19,71,13.6
Control,8/21/2024 0:20,18.5,73.5,13.7
Control,8/21/2024 1:20,17.5,77,13.4
Control,8/21/2024 2:20,16.5,80,13
Control,8/21/2024 3:20,16,85.5,13.6
Control,8/21/2024 4:20,16.5,85.5,14.1
Control,8/21/2024 5:20,16.5,86.5,14.2
Control,8/21/2024 6:20,16.5,85.5,14.1
Control,8/21/2024 7:20,16.5,86,14.2
Control,8/21/2024 8:20,17,85.5,14.6
Control,8/21/2024 9:20,18,82.5,15
Control,8/21/2024 10:20,19,77.5,15
Control,8/21/2024 11:20,18.5,78.5,14.7
Control,8/21/2024 12:20,20.5,64.5,13.6
Control,8/21/2024 13:20,21,62.5,13.6
Control,8/21/2024 14:20,21.5,61.5,13.8
Control,8/21/2024 15:20,22.5,55.5,13.2
Control,8/21/2024 16:20,23,52,12.6
Control,8/21/2024 17:20,22.5,48,10.9
Control,8/21/2024 18:20,21.5,54,11.8
Control,8/21/2024 19:20,20,63,12.7
Control,8/21/2024 20:20,18.5,70.5,13
Control,8/21/2024 21:20,18.5,68.5,12.6
Control,8/21/2024 22:20,17.5,74,12.8
Control,8/21/2024 23:20,16,81.5,12.8
HPS,7/19/2024 15:37,24,51,13.2
HPS,7/19/2024 16:37,31.5,46.5,18.6
HPS,7/19/2024 17:37,25.5,51,14.6
HPS,7/19/2024 18:37,24.5,50.5,13.6
HPS,7/19/2024 19:37,22.5,59.5,14.2
HPS,7/19/2024 20:37,21,65,14.2
HPS,7/19/2024 21:37,20,68.5,14
HPS,7/19/2024 22:37,19.5,72.5,14.4
HPS,7/19/2024 23:37,19,72,13.8
HPS,7/20/2024 0:37,18,79,14.3
HPS,7/20/2024 1:37,18,78.5,14.2
HPS,7/20/2024 2:37,17.5,81,14.2
HPS,7/20/2024 3:37,17.5,81,14.2
HPS,7/20/2024 4:37,17,84.5,14.4
HPS,7/20/2024 5:37,16.5,85,14
HPS,7/20/2024 6:37,17,88,15
HPS,7/20/2024 7:37,17,88,15
HPS,7/20/2024 8:37,20,80.5,16.5
HPS,7/20/2024 9:37,23,70,17.2
HPS,7/20/2024 10:37,25.5,59,16.9
HPS,7/20/2024 11:37,24.5,58.5,15.8
HPS,7/20/2024 12:37,27.5,53,17.1
HPS,7/20/2024 13:37,25,56.5,15.8
HPS,7/20/2024 14:37,27.5,50.5,16.3
HPS,7/20/2024 15:37,26,58,17.1
HPS,7/20/2024 16:37,24.5,63,17
HPS,7/20/2024 17:37,25,59.5,16.6
HPS,7/20/2024 18:37,23.5,64,16.3
HPS,7/20/2024 19:37,23,64.5,15.9
HPS,7/20/2024 20:37,22,68,15.8
HPS,7/20/2024 21:37,22,68,15.8
HPS,7/20/2024 22:37,21.5,71,16
HPS,7/20/2024 23:37,21.5,71,16
HPS,7/21/2024 0:37,21,76,16.6
HPS,7/21/2024 1:37,21,77.5,16.9
HPS,7/21/2024 2:37,21,78.5,17.1
HPS,7/21/2024 3:37,21,80,17.4
HPS,7/21/2024 4:37,20.5,81,17.1
HPS,7/21/2024 5:37,20.5,83,17.5
HPS,7/21/2024 6:37,20,86,17.6
HPS,7/21/2024 7:37,20,87,17.8
HPS,7/21/2024 8:37,19,98.5,18.8
HPS,7/21/2024 9:37,20,99.5,19.9
HPS,7/21/2024 10:37,21,100,21
HPS,7/21/2024 11:37,21.5,100,21.5
HPS,7/21/2024 12:37,23,97,22.5
HPS,7/21/2024 13:37,23.5,83,20.4
HPS,7/21/2024 14:37,24,84,21.1
HPS,7/21/2024 15:37,24,83.5,21
HPS,7/21/2024 16:37,24.5,73,19.3
HPS,7/21/2024 17:37,24,77.5,19.8
HPS,7/21/2024 18:37,24,78,19.9
HPS,7/21/2024 19:37,22.5,80.5,19
HPS,7/21/2024 20:37,22,84.5,19.3
HPS,7/21/2024 21:37,21.5,87,19.2
HPS,7/21/2024 22:37,21,85.5,18.5
HPS,7/21/2024 23:37,20.5,87.5,18.4
HPS,7/22/2024 0:37,20.5,89,18.6
HPS,7/22/2024 1:37,20,90.5,18.4
HPS,7/22/2024 2:37,19.5,92.5,18.3
HPS,7/22/2024 3:37,19,95.5,18.3
HPS,7/22/2024 4:37,19,96.5,18.4
HPS,7/22/2024 5:37,19,95,18.2
HPS,7/22/2024 6:37,19,96.5,18.4
HPS,7/22/2024 7:37,20,95,19.2
HPS,7/22/2024 8:37,22,90,20.3
HPS,7/22/2024 9:37,24.5,78.5,20.5
HPS,7/22/2024 10:37,28,64.5,20.7
HPS,7/22/2024 11:37,29,59,20.2
HPS,7/22/2024 12:37,29.5,57,20.1
HPS,7/22/2024 13:37,27,63,19.4
HPS,7/22/2024 14:37,27,62,19.1
HPS,7/22/2024 15:37,28.5,55,18.6
HPS,7/22/2024 16:37,29,55.5,19.2
HPS,7/22/2024 17:37,25.5,66.5,18.8
HPS,7/22/2024 18:37,26.5,64.5,19.3
HPS,7/22/2024 19:37,25,71,19.4
HPS,7/22/2024 20:37,24,72,18.6
HPS,7/22/2024 21:37,23.5,73.5,18.5
HPS,7/22/2024 22:37,23,77.5,18.9
HPS,7/22/2024 23:37,22.5,78.5,18.6
HPS,7/23/2024 0:37,21.5,83.5,18.6
HPS,7/23/2024 1:37,20.5,88.5,18.5
HPS,7/23/2024 2:37,20,92,18.7
HPS,7/23/2024 3:37,19.5,93.5,18.4
HPS,7/23/2024 4:37,19.5,94,18.5
HPS,7/23/2024 5:37,19,97,18.5
HPS,7/23/2024 6:37,18.5,96.5,17.9
HPS,7/23/2024 7:37,20,94.5,19.1
HPS,7/23/2024 8:37,22,91,20.5
HPS,7/23/2024 9:37,24,77.5,19.8
HPS,7/23/2024 10:37,28.5,64,21
HPS,7/23/2024 11:37,29,63.5,21.4
HPS,7/23/2024 12:37,29.5,57,20.1
HPS,7/23/2024 13:37,29,62.5,21.1
HPS,7/23/2024 14:37,30.5,56,20.7
HPS,7/23/2024 15:37,30,58,20.8
HPS,7/23/2024 16:37,29.5,59.5,20.8
HPS,7/23/2024 17:37,28.5,67.5,21.9
HPS,7/23/2024 18:37,27.5,70,21.5
HPS,7/23/2024 19:37,26.5,75.5,21.8
HPS,7/23/2024 20:37,25,80.5,21.4
HPS,7/23/2024 21:37,25,75,20.3
HPS,7/23/2024 22:37,23.5,82,20.2
HPS,7/23/2024 23:37,23,85,20.3
HPS,7/24/2024 0:37,23,84.5,20.2
HPS,7/24/2024 1:37,22.5,87.5,20.3
HPS,7/24/2024 2:37,22.5,88.5,20.5
HPS,7/24/2024 3:37,21.5,91.5,20.1
HPS,7/24/2024 4:37,21.5,92.5,20.2
HPS,7/24/2024 5:37,21,94,20
HPS,7/24/2024 6:37,21,95,20.2
HPS,7/24/2024 7:37,21.5,93,20.3
HPS,7/24/2024 8:37,23.5,88,21.4
HPS,7/24/2024 9:37,25.5,83,22.4
HPS,7/24/2024 10:37,28,73,22.7
HPS,7/24/2024 11:37,30.5,60,21.8
HPS,7/24/2024 12:37,28.5,66,21.5
HPS,7/24/2024 13:37,31,57.5,21.6
HPS,7/24/2024 14:37,31,56,21.2
HPS,7/24/2024 15:37,31,56.5,21.3
HPS,7/24/2024 16:37,31.5,57,21.9
HPS,7/24/2024 17:37,30,58.5,21
HPS,7/24/2024 18:37,28.5,65,21.3
HPS,7/24/2024 19:37,26.5,72.5,21.1
HPS,7/24/2024 20:37,26,67.5,19.5
HPS,7/24/2024 21:37,25.5,68.5,19.3
HPS,7/24/2024 22:37,24,75,19.3
HPS,7/24/2024 23:37,23,81.5,19.7
HPS,7/25/2024 0:37,22,87.5,19.8
HPS,7/25/2024 1:37,22,89,20.1
HPS,7/25/2024 2:37,21,89.5,19.2
HPS,7/25/2024 3:37,20.5,93,19.3
HPS,7/25/2024 4:37,20.5,94.5,19.6
HPS,7/25/2024 5:37,20,95.5,19.3
HPS,7/25/2024 6:37,20,95.5,19.3
HPS,7/25/2024 7:37,21,95,20.2
HPS,7/25/2024 8:37,23,91,21.4
HPS,7/25/2024 9:37,26,81.5,22.6
HPS,7/25/2024 10:37,29,71.5,23.3
HPS,7/25/2024 11:37,30.5,64.5,23
HPS,7/25/2024 12:37,31.5,57,21.9
HPS,7/25/2024 13:37,30,66.5,23.1
HPS,7/25/2024 14:37,23,96.5,22.4
HPS,7/25/2024 15:37,22.5,100,22.5
HPS,7/25/2024 16:37,24.5,99.5,24.4
HPS,7/25/2024 17:37,25.5,99,25.3
HPS,7/25/2024 18:37,25.5,99.5,25.4
HPS,7/25/2024 19:37,25,98.5,24.7
HPS,7/25/2024 20:37,25,98,24.7
HPS,7/25/2024 21:37,24.5,92,23.1
HPS,7/25/2024 22:37,24,94.5,23.1
HPS,7/25/2024 23:37,23.5,94,22.5
HPS,7/26/2024 0:37,23.5,95,22.7
HPS,7/26/2024 1:37,23.5,95,22.7
HPS,7/26/2024 2:37,22.5,97,22
HPS,7/26/2024 3:37,22.5,97.5,22.1
HPS,7/26/2024 4:37,22,98,21.7
HPS,7/26/2024 5:37,22,98.5,21.8
HPS,7/26/2024 6:37,22,98.5,21.8
HPS,7/26/2024 7:37,22,95.5,21.2
HPS,7/26/2024 8:37,23.5,88.5,21.5
HPS,7/26/2024 9:37,25,84,22.1
HPS,7/26/2024 10:37,26.5,84,23.6
HPS,7/26/2024 11:37,28.5,74.5,23.5
HPS,7/26/2024 12:37,30,70,23.9
HPS,7/26/2024 13:37,29.5,71,23.7
HPS,7/26/2024 14:37,30,69.5,23.8
HPS,7/26/2024 15:37,29.5,68.5,23.1
HPS,7/26/2024 16:37,28.5,72.5,23.1
HPS,7/26/2024 17:37,29,68.5,22.6
HPS,7/26/2024 18:37,27.5,73.5,22.3
HPS,7/26/2024 19:37,26.5,75.5,21.8
HPS,7/26/2024 20:37,25.5,77,21.2
HPS,7/26/2024 21:37,25,80,21.3
HPS,7/26/2024 22:37,24.5,81.5,21.1
HPS,7/26/2024 23:37,23.5,84,20.6
HPS,7/27/2024 0:37,23,86.5,20.6
HPS,7/27/2024 1:37,22.5,88.5,20.5
HPS,7/27/2024 2:37,22,91,20.5
HPS,7/27/2024 3:37,21.5,92.5,20.2
HPS,7/27/2024 4:37,21,94,20
HPS,7/27/2024 5:37,21,95,20.2
HPS,7/27/2024 6:37,21,94,20
HPS,7/27/2024 7:37,21,93.5,19.9
HPS,7/27/2024 8:37,23,89,21.1
HPS,7/27/2024 9:37,24,85.5,21.4
HPS,7/27/2024 10:37,25.5,82.5,22.3
HPS,7/27/2024 11:37,26,81,22.5
HPS,7/27/2024 12:37,25,84,22.1
HPS,7/27/2024 13:37,25,85,22.3
HPS,7/27/2024 14:37,25,86.5,22.6
HPS,7/27/2024 15:37,24,97.5,23.6
HPS,7/27/2024 16:37,22.5,99.5,22.4
HPS,7/27/2024 17:37,23,100,23
HPS,7/27/2024 18:37,23,100,23
HPS,7/27/2024 19:37,23,100,23
HPS,7/27/2024 20:37,22.5,100,22.5
HPS,7/27/2024 21:37,22.5,100,22.5
HPS,7/27/2024 22:37,22.5,100,22.5
HPS,7/27/2024 23:37,22.5,100,22.5
HPS,7/28/2024 0:37,22.5,100,22.5
HPS,7/28/2024 1:37,22.5,100,22.5
HPS,7/28/2024 2:37,22,100,22
HPS,7/28/2024 3:37,22,100,22
HPS,7/28/2024 4:37,22,100,22
HPS,7/28/2024 5:37,22,100,22
HPS,7/28/2024 6:37,22,100,22
HPS,7/28/2024 7:37,22,100,22
HPS,7/28/2024 8:37,22.5,100,22.5
HPS,7/28/2024 9:37,23.5,100,23.5
HPS,7/28/2024 10:37,25,99.5,24.9
HPS,7/28/2024 11:37,26.5,99,26.3
HPS,7/28/2024 12:37,27,99.5,26.9
HPS,7/28/2024 13:37,29,79.5,25.1
HPS,7/28/2024 14:37,28.5,83,25.3
HPS,7/28/2024 15:37,27.5,84,24.5
HPS,7/28/2024 16:37,25.5,74.5,20.6
HPS,7/28/2024 17:37,24.5,80.5,20.9
HPS,7/28/2024 18:37,25,81.5,21.6
HPS,7/28/2024 19:37,24,89,22.1
HPS,7/28/2024 20:37,23,91.5,21.5
HPS,7/28/2024 21:37,23,90.5,21.4
HPS,7/28/2024 22:37,22,93.5,20.9
HPS,7/28/2024 23:37,23,94.5,22.1
HPS,7/29/2024 0:37,22,97,21.5
HPS,7/29/2024 1:37,23.5,96,22.8
HPS,7/29/2024 2:37,23.5,95,22.7
HPS,7/29/2024 3:37,23.5,94,22.5
HPS,7/29/2024 4:37,23.5,94.5,22.6
HPS,7/29/2024 5:37,23.5,93,22.3
HPS,7/29/2024 6:37,23.5,91,21.9
HPS,7/29/2024 7:37,23.5,95,22.7
HPS,7/29/2024 8:37,23,94,22
HPS,7/29/2024 9:37,21,100,21
HPS,7/29/2024 10:37,21.5,100,21.5
HPS,7/29/2024 11:37,24.5,100,24.5
HPS,7/29/2024 12:37,26,99.5,25.9
HPS,7/29/2024 13:37,27.5,97,27
HPS,7/29/2024 14:37,28.5,98.5,28.2
HPS,7/29/2024 15:37,30,87,27.6
HPS,7/29/2024 16:37,31,78,26.7
HPS,7/29/2024 17:37,31,78,26.7
HPS,7/29/2024 18:37,30.5,79,26.4
HPS,7/29/2024 19:37,29.5,80.5,25.8
HPS,7/29/2024 20:37,29,82,25.6
HPS,7/29/2024 21:37,28,85.5,25.3
HPS,7/29/2024 22:37,27.5,88.5,25.4
HPS,7/29/2024 23:37,27,90,25.2
HPS,7/30/2024 0:37,26.5,92,25.1
HPS,7/30/2024 1:37,26,94.5,25
HPS,7/30/2024 2:37,26.5,92,25.1
HPS,7/30/2024 3:37,26,91.5,24.5
HPS,7/30/2024 4:37,25,93.5,23.9
HPS,7/30/2024 5:37,25,94,24
HPS,7/30/2024 6:37,25,93.5,23.9
HPS,7/30/2024 7:37,25.5,92,24.1
HPS,7/30/2024 8:37,26,91,24.4
HPS,7/30/2024 9:37,28,86.5,25.5
HPS,7/30/2024 10:37,29.5,79,25.5
HPS,7/30/2024 11:37,32,76,27.2
HPS,7/30/2024 12:37,32.5,71,26.6
HPS,7/30/2024 13:37,33.5,70,27.3
HPS,7/30/2024 14:37,33.5,69.5,27.1
HPS,7/30/2024 15:37,31.5,75,26.5
HPS,7/30/2024 16:37,24,98,23.7
HPS,7/30/2024 17:37,22.5,100,22.5
HPS,7/30/2024 18:37,22.5,100,22.5
HPS,7/30/2024 19:37,23,100,23
HPS,7/30/2024 20:37,23,99.5,22.9
HPS,7/30/2024 21:37,23,100,23
HPS,7/30/2024 22:37,23.5,98,23.2
HPS,7/30/2024 23:37,23.5,93,22.3
HPS,7/31/2024 0:37,23,95,22.2
HPS,7/31/2024 1:37,23,93,21.8
HPS,7/31/2024 2:37,23,94.5,22.1
HPS,7/31/2024 3:37,23.5,97.5,23.1
HPS,7/31/2024 4:37,23.5,96,22.8
HPS,7/31/2024 5:37,24,96.5,23.4
HPS,7/31/2024 6:37,24.5,93.5,23.4
HPS,7/31/2024 7:37,25,92.5,23.7
HPS,7/31/2024 8:37,26.5,89,24.5
HPS,7/31/2024 9:37,28,84.5,25.1
HPS,7/31/2024 10:37,30,80.5,26.3
HPS,7/31/2024 11:37,31,75.5,26.2
HPS,7/31/2024 12:37,29.5,70,23.4
HPS,7/31/2024 13:37,31.5,67,24.6
HPS,7/31/2024 14:37,31.5,70,25.4
HPS,7/31/2024 15:37,32,70.5,26
HPS,7/31/2024 16:37,33.5,66,26.3
HPS,7/31/2024 17:37,31.5,72,25.8
HPS,7/31/2024 18:37,30.5,77.5,26.1
HPS,7/31/2024 19:37,29,83.5,25.9
HPS,7/31/2024 20:37,28.5,87,26.1
HPS,7/31/2024 21:37,28,89.5,26.1
HPS,7/31/2024 22:37,27.5,90,25.7
HPS,7/31/2024 23:37,27.5,88.5,25.4
HPS,8/1/2024 0:37,28,83.5,24.9
HPS,8/1/2024 1:37,27.5,82.5,24.2
HPS,8/1/2024 2:37,27,84,24.1
HPS,8/1/2024 3:37,27,85.5,24.4
HPS,8/1/2024 4:37,25,81.5,21.6
HPS,8/1/2024 5:37,23.5,88.5,21.5
HPS,8/1/2024 6:37,23,91,21.4
HPS,8/1/2024 7:37,23.5,91,21.9
HPS,8/1/2024 8:37,25,88,22.9
HPS,8/1/2024 9:37,26,85.5,23.4
HPS,8/1/2024 10:37,28.5,78.5,24.4
HPS,8/1/2024 11:37,31.5,70.5,25.5
HPS,8/1/2024 12:37,32,66.5,25
HPS,8/1/2024 13:37,33,62.5,24.9
HPS,8/1/2024 14:37,32,66,24.8
HPS,8/1/2024 15:37,32.5,63,24.5
HPS,8/1/2024 16:37,34,58,24.6
HPS,8/1/2024 17:37,31,68,24.4
HPS,8/1/2024 18:37,29.5,77,25
HPS,8/1/2024 19:37,28.5,75.5,23.7
HPS,8/1/2024 20:37,27.5,77,23.1
HPS,8/1/2024 21:37,27.5,80,23.7
HPS,8/1/2024 22:37,26.5,85,23.8
HPS,8/1/2024 23:37,25.5,86,23
HPS,8/2/2024 0:37,25,88.5,23
HPS,8/2/2024 1:37,24.5,90.5,22.8
HPS,8/2/2024 2:37,23.5,93,22.3
HPS,8/2/2024 3:37,23,94,22
HPS,8/2/2024 4:37,23,94.5,22.1
HPS,8/2/2024 5:37,22.5,95.5,21.7
HPS,8/2/2024 6:37,22.5,95.5,21.7
HPS,8/2/2024 7:37,22.5,93,21.3
HPS,8/2/2024 8:37,23.5,85.5,20.9
HPS,8/2/2024 9:37,25,79.5,21.2
HPS,8/2/2024 10:37,27,73,21.7
HPS,8/2/2024 11:37,28,69,21.8
HPS,8/2/2024 12:37,27,73,21.7
HPS,8/2/2024 13:37,27.5,73,22.2
HPS,8/2/2024 14:37,28.5,67,21.8
HPS,8/2/2024 15:37,29,65.5,21.9
HPS,8/2/2024 16:37,28,68.5,21.7
HPS,8/2/2024 17:37,27.5,71.5,21.9
HPS,8/2/2024 18:37,27,70,21.1
HPS,8/2/2024 19:37,26,72,20.6
HPS,8/2/2024 20:37,25,75,20.3
HPS,8/2/2024 21:37,24,79.5,20.2
HPS,8/2/2024 22:37,23.5,83,20.4
HPS,8/2/2024 23:37,23,85,20.3
HPS,8/3/2024 0:37,23,87,20.7
HPS,8/3/2024 1:37,22.5,89.5,20.7
HPS,8/3/2024 2:37,22,91.5,20.6
HPS,8/3/2024 3:37,21.5,93,20.3
HPS,8/3/2024 4:37,21.5,93,20.3
HPS,8/3/2024 5:37,21.5,94,20.5
HPS,8/3/2024 6:37,21,94.5,20.1
HPS,8/3/2024 7:37,22,94,21
HPS,8/3/2024 8:37,23.5,90.5,21.9
HPS,8/3/2024 9:37,25.5,82.5,22.3
HPS,8/3/2024 10:37,29,70,23
HPS,8/3/2024 11:37,31,64,23.4
HPS,8/3/2024 12:37,31.5,62,23.3
HPS,8/3/2024 13:37,32.5,56.5,22.7
HPS,8/3/2024 14:37,32,57,22.4
HPS,8/3/2024 15:37,32,56,22.1
HPS,8/3/2024 16:37,33,56.5,23.2
HPS,8/3/2024 17:37,31.5,63.5,23.7
HPS,8/3/2024 18:37,30,65.5,22.8
HPS,8/3/2024 19:37,27,71.5,21.4
HPS,8/3/2024 20:37,26.5,73.5,21.4
HPS,8/3/2024 21:37,26.5,74.5,21.6
HPS,8/3/2024 22:37,26,78,21.9
HPS,8/3/2024 23:37,24.5,85,21.8
HPS,8/4/2024 0:37,23.5,89.5,21.7
HPS,8/4/2024 1:37,23,91,21.4
HPS,8/4/2024 2:37,23,93,21.8
HPS,8/4/2024 3:37,23,93.5,21.9
HPS,8/4/2024 4:37,22.5,93,21.3
HPS,8/4/2024 5:37,23,91.5,21.5
HPS,8/4/2024 6:37,23,91,21.4
HPS,8/4/2024 7:37,23,90.5,21.4
HPS,8/4/2024 8:37,24.5,85,21.8
HPS,8/4/2024 9:37,26.5,79.5,22.7
HPS,8/4/2024 10:37,30.5,69.5,24.3
HPS,8/4/2024 11:37,33,62,24.7
HPS,8/4/2024 12:37,33,57,23.3
HPS,8/4/2024 13:37,34,55.5,23.8
HPS,8/4/2024 14:37,33.5,55.5,23.4
HPS,8/4/2024 15:37,33,55,22.7
HPS,8/4/2024 16:37,33,61,24.5
HPS,8/4/2024 17:37,31.5,64,23.9
HPS,8/4/2024 18:37,30,69.5,23.8
HPS,8/4/2024 19:37,28.5,72.5,23.1
HPS,8/4/2024 20:37,28,74,22.9
HPS,8/4/2024 21:37,27.5,75.5,22.8
HPS,8/4/2024 22:37,26,79,22.1
HPS,8/4/2024 23:37,26,77.5,21.8
HPS,8/5/2024 0:37,25.5,81.5,22.1
HPS,8/5/2024 1:37,24.5,85,21.8
HPS,8/5/2024 2:37,24.5,84,21.6
HPS,8/5/2024 3:37,24.5,84,21.6
HPS,8/5/2024 4:37,25,81.5,21.6
HPS,8/5/2024 5:37,24,83.5,21
HPS,8/5/2024 6:37,23.5,85.5,20.9
HPS,8/5/2024 7:37,24,86,21.5
HPS,8/5/2024 8:37,25,84.5,22.2
HPS,8/5/2024 9:37,27,78.5,22.9
HPS,8/5/2024 10:37,32,67.5,25.2
HPS,8/5/2024 11:37,33,59.5,24
HPS,8/5/2024 12:37,33.5,56.5,23.7
HPS,8/5/2024 13:37,34,54.5,23.5
HPS,8/5/2024 14:37,33.5,51,22
HPS,8/5/2024 15:37,33.5,52,22.3
HPS,8/5/2024 16:37,33.5,57,23.8
HPS,8/5/2024 17:37,32.5,57,22.9
HPS,8/5/2024 18:37,31.5,61.5,23.2
HPS,8/5/2024 19:37,29.5,70,23.4
HPS,8/5/2024 20:37,28,70,22
HPS,8/5/2024 21:37,28,68.5,21.7
HPS,8/5/2024 22:37,26.5,76.5,22
HPS,8/5/2024 23:37,27.5,71.5,21.9
HPS,8/6/2024 0:37,26.5,76,21.9
HPS,8/6/2024 1:37,26.5,77.5,22.2
HPS,8/6/2024 2:37,24.5,87,22.2
HPS,8/6/2024 3:37,24.5,86,22
HPS,8/6/2024 4:37,23.5,89.5,21.7
HPS,8/6/2024 5:37,23.5,82.5,20.3
HPS,8/6/2024 6:37,23,84,20.1
HPS,8/6/2024 7:37,23.5,80,19.8
HPS,8/6/2024 8:37,25,76.5,20.6
HPS,8/6/2024 9:37,27.5,70.5,21.7
HPS,8/6/2024 10:37,34,58.5,24.7
HPS,8/6/2024 11:37,34,56,24
HPS,8/6/2024 12:37,33,54.5,22.6
HPS,8/6/2024 13:37,34,56.5,24.1
HPS,8/6/2024 14:37,33,60.5,24.3
HPS,8/6/2024 15:37,31,65.5,23.8
HPS,8/6/2024 16:37,30,67,23.2
HPS,8/6/2024 17:37,28,67,21.3
HPS,8/6/2024 18:37,24.5,74,19.6
HPS,8/6/2024 19:37,23,77,18.7
HPS,8/6/2024 20:37,21.5,80.5,18
HPS,8/6/2024 21:37,20.5,85.5,18
HPS,8/6/2024 22:37,19.5,92,18.2
HPS,8/6/2024 23:37,19.5,91,18
HPS,8/7/2024 0:37,19.5,92,18.2
HPS,8/7/2024 1:37,19,95.5,18.3
HPS,8/7/2024 2:37,19,96.5,18.4
HPS,8/7/2024 3:37,19,97.5,18.6
HPS,8/7/2024 4:37,19,98,18.7
HPS,8/7/2024 5:37,18.5,98,18.2
HPS,8/7/2024 6:37,18.5,97.5,18.1
HPS,8/7/2024 7:37,19,98,18.7
HPS,8/7/2024 8:37,19,96.5,18.4
HPS,8/7/2024 9:37,20.5,89.5,18.7
HPS,8/7/2024 10:37,21.5,86.5,19.2
HPS,8/7/2024 11:37,22,81.5,18.7
HPS,8/7/2024 12:37,22,80,18.4
HPS,8/7/2024 13:37,23.5,75,18.8
HPS,8/7/2024 14:37,23.5,76.5,19.1
HPS,8/7/2024 15:37,24,73.5,19
HPS,8/7/2024 16:37,24,74,19.1
HPS,8/7/2024 17:37,24.5,71.5,19
HPS,8/7/2024 18:37,23,78.5,19.1
HPS,8/7/2024 19:37,22.5,81,19.1
HPS,8/7/2024 20:37,22,83.5,19.1
HPS,8/7/2024 21:37,21.5,85.5,19
HPS,8/7/2024 22:37,21.5,86.5,19.2
HPS,8/7/2024 23:37,21,87,18.8
HPS,8/8/2024 0:37,20.5,90.5,18.9
HPS,8/8/2024 1:37,20,93,18.8
HPS,8/8/2024 2:37,20,94.5,19.1
HPS,8/8/2024 3:37,19.5,94.5,18.6
HPS,8/8/2024 4:37,19.5,95.5,18.8
HPS,8/8/2024 5:37,19,96,18.3
HPS,8/8/2024 6:37,19,96,18.3
HPS,8/8/2024 7:37,19.5,96,18.8
HPS,8/8/2024 8:37,21.5,90.5,19.9
HPS,8/8/2024 9:37,23.5,84.5,20.7
HPS,8/8/2024 10:37,29,66.5,22.1
HPS,8/8/2024 11:37,27,68,20.6
HPS,8/8/2024 12:37,28.5,63,20.8
HPS,8/8/2024 13:37,27.5,64,20.1
HPS,8/8/2024 14:37,26.5,68.5,20.2
HPS,8/8/2024 15:37,27.5,61,19.3
HPS,8/8/2024 16:37,26,67.5,19.5
HPS,8/8/2024 17:37,25,69.5,19
HPS,8/8/2024 18:37,24,70,18.2
HPS,8/8/2024 19:37,24,74,19.1
HPS,8/8/2024 20:37,23.5,77,19.2
HPS,8/8/2024 21:37,23,81,19.6
HPS,8/8/2024 22:37,22,85.5,19.5
HPS,8/8/2024 23:37,22,87,19.7
HPS,8/9/2024 0:37,22,89,20.1
HPS,8/9/2024 1:37,22,85.5,19.5
HPS,8/9/2024 2:37,22,81,18.6
HPS,8/9/2024 3:37,21,72.5,15.9
HPS,8/9/2024 4:37,21,71.5,15.7
HPS,8/9/2024 5:37,20,69,14.1
HPS,8/9/2024 6:37,19,69.5,13.3
HPS,8/9/2024 7:37,18,75,13.5
HPS,8/9/2024 8:37,19,71.5,13.7
HPS,8/9/2024 9:37,20.5,64,13.5
HPS,8/9/2024 10:37,25,51.5,14.3
HPS,8/9/2024 11:37,25,50.5,14
HPS,8/9/2024 12:37,25,51,14.2
HPS,8/9/2024 13:37,26,46.5,13.7
HPS,8/9/2024 14:37,25.5,51,14.6
HPS,8/9/2024 15:37,25.5,52,14.9
HPS,8/9/2024 16:37,25.5,53.5,15.4
HPS,8/9/2024 17:37,25,55,15.3
HPS,8/9/2024 18:37,23,58,14.3
HPS,8/9/2024 19:37,20.5,71,15.1
HPS,8/9/2024 20:37,20,70.5,14.5
HPS,8/9/2024 21:37,19.5,71.5,14.2
HPS,8/9/2024 22:37,19,72,13.8
HPS,8/9/2024 23:37,18.5,73.5,13.7
HPS,8/10/2024 0:37,17.5,77.5,13.5
HPS,8/10/2024 1:37,16.5,83,13.6
HPS,8/10/2024 2:37,15.5,84,12.8
HPS,8/10/2024 3:37,15.5,86,13.2
HPS,8/10/2024 4:37,15,87.5,12.9
HPS,8/10/2024 5:37,14.5,89,12.7
HPS,8/10/2024 6:37,14,90.5,12.5
HPS,8/10/2024 7:37,14.5,91,13
HPS,8/10/2024 8:37,16.5,87.5,14.4
HPS,8/10/2024 9:37,19.5,73,14.5
HPS,8/10/2024 10:37,25,50,13.9
HPS,8/10/2024 11:37,26,47.5,14
HPS,8/10/2024 12:37,26,45,13.2
HPS,8/10/2024 13:37,27,46,14.4
HPS,8/10/2024 14:37,26.5,43.5,13.1
HPS,8/10/2024 15:37,25.5,51,14.6
HPS,8/10/2024 16:37,25.5,51,14.6
HPS,8/10/2024 17:37,24,58,15.2
HPS,8/10/2024 18:37,22,69.5,16.2
HPS,8/10/2024 19:37,21,66,14.4
HPS,8/10/2024 20:37,20.5,64,13.5
HPS,8/10/2024 21:37,20,68.5,14
HPS,8/10/2024 22:37,19.5,71,14.1
HPS,8/10/2024 23:37,19,76,14.7
HPS,8/11/2024 0:37,19,76,14.7
HPS,8/11/2024 1:37,19,77.5,15
HPS,8/11/2024 2:37,18.5,78.5,14.7
HPS,8/11/2024 3:37,18.5,82,15.4
HPS,8/11/2024 4:37,18.5,83,15.6
HPS,8/11/2024 5:37,18,82,14.9
HPS,8/11/2024 6:37,18,82,14.9
HPS,8/11/2024 7:37,18.5,80,15
HPS,8/11/2024 8:37,20.5,75.5,16
HPS,8/11/2024 9:37,22,73.5,17
HPS,8/11/2024 10:37,28.5,50,17.1
HPS,8/11/2024 11:37,28.5,45.5,15.6
HPS,8/11/2024 12:37,28,48,16
HPS,8/11/2024 13:37,28.5,47,16.1
HPS,8/11/2024 14:37,27,50.5,15.8
HPS,8/11/2024 15:37,26.5,52.5,16
HPS,8/11/2024 16:37,25,60,16.7
HPS,8/11/2024 17:37,24.5,60.5,16.4
HPS,8/11/2024 18:37,24.5,63.5,17.1
HPS,8/11/2024 19:37,23,72,17.7
HPS,8/11/2024 20:37,22.5,69,16.5
HPS,8/11/2024 21:37,22,67.5,15.7
HPS,8/11/2024 22:37,22,70,16.3
HPS,8/11/2024 23:37,21.5,70.5,15.9
HPS,8/12/2024 0:37,21.5,71.5,16.1
HPS,8/12/2024 1:37,21,72,15.8
HPS,8/12/2024 2:37,21,74,16.2
HPS,8/12/2024 3:37,20.5,77.5,16.4
HPS,8/12/2024 4:37,20.5,77,16.3
HPS,8/12/2024 5:37,20.5,77,16.3
HPS,8/12/2024 6:37,20.5,72.5,15.4
HPS,8/12/2024 7:37,21,73.5,16.1
HPS,8/12/2024 8:37,21.5,72.5,16.3
HPS,8/12/2024 9:37,21,77.5,16.9
HPS,8/12/2024 10:37,21.5,78.5,17.6
HPS,8/12/2024 11:37,20.5,86,18.1
HPS,8/12/2024 12:37,19.5,96.5,18.9
HPS,8/12/2024 13:37,19,98.5,18.8
HPS,8/12/2024 14:37,19,99.5,18.9
HPS,8/12/2024 15:37,19,100,19
HPS,8/12/2024 16:37,19,100,19
HPS,8/12/2024 17:37,19,100,19
HPS,8/12/2024 18:37,18.5,100,18.5
HPS,8/12/2024 19:37,18.5,100,18.5
HPS,8/12/2024 20:37,18.5,100,18.5
HPS,8/12/2024 21:37,18,100,18
HPS,8/12/2024 22:37,18,100,18
HPS,8/12/2024 23:37,18,100,18
HPS,8/13/2024 0:37,17.5,100,17.5
HPS,8/13/2024 1:37,17.5,100,17.5
HPS,8/13/2024 2:37,17.5,100,17.5
HPS,8/13/2024 3:37,17.5,100,17.5
HPS,8/13/2024 4:37,17.5,100,17.5
HPS,8/13/2024 5:37,17.5,100,17.5
HPS,8/13/2024 6:37,17.5,100,17.5
HPS,8/13/2024 7:37,18,100,18
HPS,8/13/2024 8:37,18.5,100,18.5
HPS,8/13/2024 9:37,19.5,100,19.5
HPS,8/13/2024 10:37,20.5,99,20.3
HPS,8/13/2024 11:37,21.5,95,20.7
HPS,8/13/2024 12:37,22.5,97,22
HPS,8/13/2024 13:37,23.5,90.5,21.9
HPS,8/13/2024 14:37,24.5,77.5,20.3
HPS,8/13/2024 15:37,24.5,82,21.2
HPS,8/13/2024 16:37,25,80,21.3
HPS,8/13/2024 17:37,24.5,81.5,21.1
HPS,8/13/2024 18:37,24,84.5,21.2
HPS,8/13/2024 19:37,23,85.5,20.4
HPS,8/13/2024 20:37,23,86,20.5
HPS,8/13/2024 21:37,22.5,89,20.6
HPS,8/13/2024 22:37,22.5,89,20.6
HPS,8/13/2024 23:37,22.5,89.5,20.7
HPS,8/14/2024 0:37,22,90,20.3
HPS,8/14/2024 1:37,22.5,88,20.4
HPS,8/14/2024 2:37,22,90,20.3
HPS,8/14/2024 3:37,21.5,89.5,19.7
HPS,8/14/2024 4:37,21.5,89,19.6
HPS,8/14/2024 5:37,21,88.5,19
HPS,8/14/2024 6:37,21,89.5,19.2
HPS,8/14/2024 7:37,21,90.5,19.4
HPS,8/14/2024 8:37,22.5,86.5,20.1
HPS,8/14/2024 9:37,23.5,82.5,20.3
HPS,8/14/2024 10:37,24,84.5,21.2
HPS,8/14/2024 11:37,23.5,87,21.2
HPS,8/14/2024 12:37,22.5,92.5,21.2
HPS,8/14/2024 13:37,21,99,20.8
HPS,8/14/2024 14:37,21.5,99.5,21.4
HPS,8/14/2024 15:37,22.5,99,22.3
HPS,8/14/2024 16:37,23,99,22.8
HPS,8/14/2024 17:37,23,99,22.8
HPS,8/14/2024 18:37,23.5,97.5,23.1
HPS,8/14/2024 19:37,23,98.5,22.8
HPS,8/14/2024 20:37,22.5,98,22.2
HPS,8/14/2024 21:37,22,98,21.7
HPS,8/14/2024 22:37,22,98.5,21.8
HPS,8/14/2024 23:37,22.5,97,22
HPS,8/15/2024 0:37,22.5,97.5,22.1
HPS,8/15/2024 1:37,22,98,21.7
HPS,8/15/2024 2:37,22.5,97.5,22.1
HPS,8/15/2024 3:37,22.5,96.5,21.9
HPS,8/15/2024 4:37,22.5,96,21.8
HPS,8/15/2024 5:37,22,96.5,21.4
HPS,8/15/2024 6:37,22,97.5,21.6
HPS,8/15/2024 7:37,22,97.5,21.6
HPS,8/15/2024 8:37,23,96.5,22.4
HPS,8/15/2024 9:37,24,93,22.8
HPS,8/15/2024 10:37,26.5,88,24.3
HPS,8/15/2024 11:37,28,83.5,24.9
HPS,8/15/2024 12:37,29,81,25.4
HPS,8/15/2024 13:37,30,77,25.5
HPS,8/15/2024 14:37,30.5,73,25.1
HPS,8/15/2024 15:37,30.5,73.5,25.2
HPS,8/15/2024 16:37,31.5,72,25.8
HPS,8/15/2024 17:37,33,66,25.8
HPS,8/15/2024 18:37,30.5,74.5,25.4
HPS,8/15/2024 19:37,29,83,25.8
HPS,8/15/2024 20:37,26.5,94.5,25.5
HPS,8/15/2024 21:37,24.5,97,24
HPS,8/15/2024 22:37,23,98.5,22.8
HPS,8/15/2024 23:37,22,99.5,21.9
HPS,8/16/2024 0:37,22,99,21.8
HPS,8/16/2024 1:37,22,99,21.8
HPS,8/16/2024 2:37,21.5,99.5,21.4
HPS,8/16/2024 3:37,21.5,99.5,21.4
HPS,8/16/2024 4:37,21.5,99.5,21.4
HPS,8/16/2024 5:37,21,99,20.8
HPS,8/16/2024 6:37,21,99.5,20.9
HPS,8/16/2024 7:37,21.5,99.5,21.4
HPS,8/16/2024 8:37,22,99,21.8
HPS,8/16/2024 9:37,23.5,98.5,23.2
HPS,8/16/2024 10:37,26,97.5,25.6
HPS,8/16/2024 11:37,28.5,87.5,26.2
HPS,8/16/2024 12:37,29.5,80.5,25.8
HPS,8/16/2024 13:37,30.5,68.5,24
HPS,8/16/2024 14:37,31,67,24.1
HPS,8/16/2024 15:37,31,64.5,23.5
HPS,8/16/2024 16:37,30.5,64,22.9
HPS,8/16/2024 17:37,30.5,64,22.9
HPS,8/16/2024 18:37,29,68,22.5
HPS,8/16/2024 19:37,27.5,69,21.3
HPS,8/16/2024 20:37,27,70.5,21.2
HPS,8/16/2024 21:37,26.5,72.5,21.1
HPS,8/16/2024 22:37,25.5,78,21.4
HPS,8/16/2024 23:37,24.5,80.5,20.9
HPS,8/17/2024 0:37,24,84,21.1
HPS,8/17/2024 1:37,23.5,86,21
HPS,8/17/2024 2:37,24,85.5,21.4
HPS,8/17/2024 3:37,23.5,87.5,21.3
HPS,8/17/2024 4:37,22.5,90.5,20.9
HPS,8/17/2024 5:37,22,92.5,20.7
HPS,8/17/2024 6:37,21.5,94,20.5
HPS,8/17/2024 7:37,22.5,92.5,21.2
HPS,8/17/2024 8:37,23.5,89,21.6
HPS,8/17/2024 9:37,25.5,86,23
HPS,8/17/2024 10:37,28.5,75.5,23.7
HPS,8/17/2024 11:37,29.5,71,23.7
HPS,8/17/2024 12:37,30.5,66.5,23.5
HPS,8/17/2024 13:37,30.5,64,22.9
HPS,8/17/2024 14:37,30.5,65,23.2
HPS,8/17/2024 15:37,30.5,62.5,22.5
HPS,8/17/2024 16:37,30,63,22.2
HPS,8/17/2024 17:37,29.5,59,20.6
HPS,8/17/2024 18:37,28,66,21.1
HPS,8/17/2024 19:37,26,73,20.8
HPS,8/17/2024 20:37,25,76.5,20.6
HPS,8/17/2024 21:37,24,80,20.3
HPS,8/17/2024 22:37,24,80.5,20.4
HPS,8/17/2024 23:37,23,84.5,20.2
HPS,8/18/2024 0:37,22.5,87.5,20.3
HPS,8/18/2024 1:37,21.5,91.5,20.1
HPS,8/18/2024 2:37,21,92,19.6
HPS,8/18/2024 3:37,20.5,93,19.3
HPS,8/18/2024 4:37,20,94.5,19.1
HPS,8/18/2024 5:37,19.5,95.5,18.8
HPS,8/18/2024 6:37,19.5,94.5,18.6
HPS,8/18/2024 7:37,20,94,19
HPS,8/18/2024 8:37,21.5,89,19.6
HPS,8/18/2024 9:37,23.5,84.5,20.7
HPS,8/18/2024 10:37,25.5,72.5,20.2
HPS,8/18/2024 11:37,27,67.5,20.5
HPS,8/18/2024 12:37,27.5,66,20.6
HPS,8/18/2024 13:37,27.5,66.5,20.7
HPS,8/18/2024 14:37,28.5,63.5,20.9
HPS,8/18/2024 15:37,27.5,67,20.8
HPS,8/18/2024 16:37,27.5,67,20.8
HPS,8/18/2024 17:37,28,62.5,20.2
HPS,8/18/2024 18:37,26,64.5,18.8
HPS,8/18/2024 19:37,24.5,71,18.9
HPS,8/18/2024 20:37,24,73.5,19
HPS,8/18/2024 21:37,23.5,77.5,19.3
HPS,8/18/2024 22:37,22,81.5,18.7
HPS,8/18/2024 23:37,21.5,84,18.7
HPS,8/19/2024 0:37,21,87,18.8
HPS,8/19/2024 1:37,20,90,18.3
HPS,8/19/2024 2:37,20,91.5,18.6
HPS,8/19/2024 3:37,19.5,93.5,18.4
HPS,8/19/2024 4:37,19.5,93,18.3
HPS,8/19/2024 5:37,19,93.5,17.9
HPS,8/19/2024 6:37,19,93.5,17.9
HPS,8/19/2024 7:37,19,93.5,17.9
HPS,8/19/2024 8:37,20.5,91,19
HPS,8/19/2024 9:37,23.5,84,20.6
HPS,8/19/2024 10:37,26.5,71.5,20.9
HPS,8/19/2024 11:37,26.5,71,20.8
HPS,8/19/2024 12:37,28,61.5,19.9
HPS,8/19/2024 13:37,27.5,62.5,19.7
HPS,8/19/2024 14:37,28.5,58,19.4
HPS,8/19/2024 15:37,28.5,58.5,19.6
HPS,8/19/2024 16:37,27.5,59.5,18.9
HPS,8/19/2024 17:37,27,61,18.8
HPS,8/19/2024 18:37,25.5,62,17.7
HPS,8/19/2024 19:37,24.5,64.5,17.4
HPS,8/19/2024 20:37,23.5,69,17.5
HPS,8/19/2024 21:37,23,70.5,17.3
HPS,8/19/2024 22:37,21.5,72.5,16.3
HPS,8/19/2024 23:37,21,73,16
HPS,8/20/2024 0:37,20,70.5,14.5
HPS,8/20/2024 1:37,19,77,14.9
HPS,8/20/2024 2:37,17.5,78.5,13.7
HPS,8/20/2024 3:37,17,82,13.9
HPS,8/20/2024 4:37,16.5,85,14
HPS,8/20/2024 5:37,16,86.5,13.7
HPS,8/20/2024 6:37,16,86.5,13.7
HPS,8/20/2024 7:37,16.5,86.5,14.2
HPS,8/20/2024 8:37,18.5,77.5,14.5
HPS,8/20/2024 9:37,21,67,14.6
HPS,8/20/2024 10:37,23.5,60,15.3
HPS,8/20/2024 11:37,26.5,54.5,16.6
HPS,8/20/2024 12:37,26,53.5,15.8
HPS,8/20/2024 13:37,26,52,15.4
HPS,8/20/2024 14:37,24.5,58.5,15.8
HPS,8/20/2024 15:37,25.5,53.5,15.4
HPS,8/20/2024 16:37,24.5,57,15.4
HPS,8/20/2024 17:37,24.5,60,16.2
HPS,8/20/2024 18:37,23.5,57,14.5
HPS,8/20/2024 19:37,21.5,69,15.6
HPS,8/20/2024 20:37,20.5,70,14.8
HPS,8/20/2024 21:37,20.5,62.5,13.1
HPS,8/20/2024 22:37,19.5,67,13.2
HPS,8/20/2024 23:37,19,69.5,13.3
HPS,8/21/2024 0:37,18.5,72,13.4
HPS,8/21/2024 1:37,17.5,75,13
HPS,8/21/2024 2:37,16.5,79,12.8
HPS,8/21/2024 3:37,16.5,83,13.6
HPS,8/21/2024 4:37,16.5,84.5,13.9
HPS,8/21/2024 5:37,16.5,83.5,13.7
HPS,8/21/2024 6:37,16,84,13.3
HPS,8/21/2024 7:37,16.5,83.5,13.7
HPS,8/21/2024 8:37,17.5,84,14.8
HPS,8/21/2024 9:37,18,81.5,14.8
HPS,8/21/2024 10:37,18.5,79,14.8
HPS,8/21/2024 11:37,19,77,14.9
HPS,8/21/2024 12:37,21,63.5,13.8
HPS,8/21/2024 13:37,21,61.5,13.3
HPS,8/21/2024 14:37,21.5,63.5,14.3
HPS,8/21/2024 15:37,23.5,54.5,13.8
HPS,8/21/2024 16:37,23.5,49.5,12.3
HPS,8/21/2024 17:37,23,48,11.4
HPS,8/21/2024 18:37,21.5,55,12.1
HPS,8/21/2024 19:37,19.5,63,12.3
HPS,8/21/2024 20:37,18.5,67.5,12.4
HPS,8/21/2024 21:37,18.5,68,12.5
HPS,8/21/2024 22:37,17.5,72.5,12.5
HPS,8/21/2024 23:37,16,81,12.7
LED_10,7/19/2024 16:59,31,43,17
LED_10,7/19/2024 17:59,25.5,50,14.3
LED_10,7/19/2024 18:59,23.5,56.5,14.4
LED_10,7/19/2024 19:59,22,55.5,12.7
LED_10,7/19/2024 20:59,20.5,63.5,13.3
LED_10,7/19/2024 21:59,20,69,14.1
LED_10,7/19/2024 22:59,19.5,69,13.7
LED_10,7/19/2024 23:59,18,78,14.1
LED_10,7/20/2024 0:59,18.5,76.5,14.3
LED_10,7/20/2024 1:59,18,76,13.7
LED_10,7/20/2024 2:59,17.5,77.5,13.5
LED_10,7/20/2024 3:59,17.5,81,14.2
LED_10,7/20/2024 4:59,17,83,14.1
LED_10,7/20/2024 5:59,17,86.5,14.7
LED_10,7/20/2024 6:59,17,87.5,14.9
LED_10,7/20/2024 7:59,17.5,87,15.3
LED_10,7/20/2024 8:59,21,76.5,16.7
LED_10,7/20/2024 9:59,23.5,64,16.3
LED_10,7/20/2024 10:59,24.5,64.5,17.4
LED_10,7/20/2024 11:59,25.5,54,15.5
LED_10,7/20/2024 12:59,29.5,44.5,16.1
LED_10,7/20/2024 13:59,26.5,53.5,16.3
LED_10,7/20/2024 14:59,27.5,50.5,16.3
LED_10,7/20/2024 15:59,26,57,16.8
LED_10,7/20/2024 16:59,25,61.5,17.1
LED_10,7/20/2024 17:59,25,59.5,16.6
LED_10,7/20/2024 18:59,23.5,62.5,15.9
LED_10,7/20/2024 19:59,22.5,66,15.8
LED_10,7/20/2024 20:59,22,66,15.4
LED_10,7/20/2024 21:59,22,69,16.1
LED_10,7/20/2024 22:59,21.5,70,15.8
LED_10,7/20/2024 23:59,21.5,70,15.8
LED_10,7/21/2024 0:59,21,76,16.6
LED_10,7/21/2024 1:59,21,78.5,17.1
LED_10,7/21/2024 2:59,21,78.5,17.1
LED_10,7/21/2024 3:59,20.5,82.5,17.4
LED_10,7/21/2024 4:59,20.5,82,17.3
LED_10,7/21/2024 5:59,20,83.5,17.1
LED_10,7/21/2024 6:59,20,85.5,17.5
LED_10,7/21/2024 7:59,20,89.5,18.2
LED_10,7/21/2024 8:59,20,99.5,19.9
LED_10,7/21/2024 9:59,20.5,100,20.5
LED_10,7/21/2024 10:59,21,100,21
LED_10,7/21/2024 11:59,22,98,21.7
LED_10,7/21/2024 12:59,24,85,21.3
LED_10,7/21/2024 13:59,24,80.5,20.4
LED_10,7/21/2024 14:59,25,69.5,19
LED_10,7/21/2024 15:59,24,72.5,18.7
LED_10,7/21/2024 16:59,24.5,71.5,19
LED_10,7/21/2024 17:59,24.5,75,19.8
LED_10,7/21/2024 18:59,23.5,77.5,19.3
LED_10,7/21/2024 19:59,22.5,77,18.3
LED_10,7/21/2024 20:59,22,82,18.8
LED_10,7/21/2024 21:59,21.5,85,18.9
LED_10,7/21/2024 22:59,21,85,18.4
LED_10,7/21/2024 23:59,20.5,87.5,18.4
LED_10,7/22/2024 0:59,20,88.5,18
LED_10,7/22/2024 1:59,19.5,92.5,18.3
LED_10,7/22/2024 2:59,19.5,92,18.2
LED_10,7/22/2024 3:59,18.5,96,17.8
LED_10,7/22/2024 4:59,19,95.5,18.3
LED_10,7/22/2024 5:59,19,97.5,18.6
LED_10,7/22/2024 6:59,19,97.5,18.6
LED_10,7/22/2024 7:59,20.5,95.5,19.8
LED_10,7/22/2024 8:59,23,87,20.7
LED_10,7/22/2024 9:59,24.5,73,19.3
LED_10,7/22/2024 10:59,26,68.5,19.8
LED_10,7/22/2024 11:59,29,59.5,20.3
LED_10,7/22/2024 12:59,27,63,19.4
LED_10,7/22/2024 13:59,28,56.5,18.5
LED_10,7/22/2024 14:59,28,58,19
LED_10,7/22/2024 15:59,31.5,50.5,20
LED_10,7/22/2024 16:59,28,62.5,20.2
LED_10,7/22/2024 17:59,26,65,18.9
LED_10,7/22/2024 18:59,26.5,65.5,19.5
LED_10,7/22/2024 19:59,25,72,19.6
LED_10,7/22/2024 20:59,24,70.5,18.3
LED_10,7/22/2024 21:59,23.5,72.5,18.3
LED_10,7/22/2024 22:59,23,77,18.7
LED_10,7/22/2024 23:59,22,80.5,18.5
LED_10,7/23/2024 0:59,21,86,18.6
LED_10,7/23/2024 1:59,20.5,91,19
LED_10,7/23/2024 2:59,19.5,94,18.5
LED_10,7/23/2024 3:59,19,95,18.2
LED_10,7/23/2024 4:59,19,97,18.5
LED_10,7/23/2024 5:59,18.5,97,18
LED_10,7/23/2024 6:59,18.5,97,18
LED_10,7/23/2024 7:59,20,96,19.3
LED_10,7/23/2024 8:59,23,88.5,21
LED_10,7/23/2024 9:59,24.5,79,20.6
LED_10,7/23/2024 10:59,27.5,63,19.8
LED_10,7/23/2024 11:59,29.5,62,21.4
LED_10,7/23/2024 12:59,29.5,64,22
LED_10,7/23/2024 13:59,30,58,20.8
LED_10,7/23/2024 14:59,31.5,52.5,20.6
LED_10,7/23/2024 15:59,31,56.5,21.3
LED_10,7/23/2024 16:59,35,46.5,21.8
LED_10,7/23/2024 17:59,30,59.5,21.2
LED_10,7/23/2024 18:59,28,67,21.3
LED_10,7/23/2024 19:59,26,75,21.2
LED_10,7/23/2024 20:59,25,76.5,20.6
LED_10,7/23/2024 21:59,25,75.5,20.4
LED_10,7/23/2024 22:59,23.5,83,20.4
LED_10,7/23/2024 23:59,23.5,83.5,20.5
LED_10,7/24/2024 0:59,23,85.5,20.4
LED_10,7/24/2024 1:59,22.5,89,20.6
LED_10,7/24/2024 2:59,22,90,20.3
LED_10,7/24/2024 3:59,21.5,92.5,20.2
LED_10,7/24/2024 4:59,21.5,93,20.3
LED_10,7/24/2024 5:59,20.5,94.5,19.6
LED_10,7/24/2024 6:59,21,95.5,20.3
LED_10,7/24/2024 7:59,22,91,20.5
LED_10,7/24/2024 8:59,24.5,86.5,22.1
LED_10,7/24/2024 9:59,25.5,82,22.2
LED_10,7/24/2024 10:59,28,74,22.9
LED_10,7/24/2024 11:59,30,62.5,22
LED_10,7/24/2024 12:59,30.5,59.5,21.7
LED_10,7/24/2024 13:59,31.5,55.5,21.5
LED_10,7/24/2024 14:59,32.5,52,21.4
LED_10,7/24/2024 15:59,34,48,21.4
LED_10,7/24/2024 16:59,35,46.5,21.8
LED_10,7/24/2024 17:59,31,55.5,21
LED_10,7/24/2024 18:59,28.5,61,20.2
LED_10,7/24/2024 19:59,27,64.5,19.7
LED_10,7/24/2024 20:59,26.5,62.5,18.8
LED_10,7/24/2024 21:59,25.5,68.5,19.3
LED_10,7/24/2024 22:59,23.5,77.5,19.3
LED_10,7/24/2024 23:59,22.5,81,19.1
LED_10,7/25/2024 0:59,22,89,20.1
LED_10,7/25/2024 1:59,21.5,89,19.6
LED_10,7/25/2024 2:59,21,92,19.6
LED_10,7/25/2024 3:59,20.5,93.5,19.4
LED_10,7/25/2024 4:59,20,95.5,19.3
LED_10,7/25/2024 5:59,19.5,97.5,19.1
LED_10,7/25/2024 6:59,19.5,97,19
LED_10,7/25/2024 7:59,21,97,20.5
LED_10,7/25/2024 8:59,25,86.5,22.6
LED_10,7/25/2024 9:59,27,77.5,22.7
LED_10,7/25/2024 10:59,29,69,22.7
LED_10,7/25/2024 11:59,30.5,67.5,23.8
LED_10,7/25/2024 12:59,32,58,22.7
LED_10,7/25/2024 13:59,28,70.5,22.1
LED_10,7/25/2024 14:59,22,99,21.8
LED_10,7/25/2024 15:59,23.5,100,23.5
LED_10,7/25/2024 16:59,28,96,27.3
LED_10,7/25/2024 17:59,27,95.5,26.2
LED_10,7/25/2024 18:59,26,94.5,25
LED_10,7/25/2024 19:59,25,96,24.3
LED_10,7/25/2024 20:59,25.5,84,22.6
LED_10,7/25/2024 21:59,25,88,22.9
LED_10,7/25/2024 22:59,24,90.5,22.3
LED_10,7/25/2024 23:59,23.5,91,21.9
LED_10,7/26/2024 0:59,23.5,92,22.1
LED_10,7/26/2024 1:59,23,94,22
LED_10,7/26/2024 2:59,22.5,96.5,21.9
LED_10,7/26/2024 3:59,22.5,97,22
LED_10,7/26/2024 4:59,22,99,21.8
LED_10,7/26/2024 5:59,22,100,22
LED_10,7/26/2024 6:59,22,97.5,21.6
LED_10,7/26/2024 7:59,22.5,93,21.3
LED_10,7/26/2024 8:59,24,87,21.7
LED_10,7/26/2024 9:59,24.5,86.5,22.1
LED_10,7/26/2024 10:59,26.5,82,23.2
LED_10,7/26/2024 11:59,28.5,73,23.2
LED_10,7/26/2024 12:59,30,69.5,23.8
LED_10,7/26/2024 13:59,29.5,69,23.2
LED_10,7/26/2024 14:59,30.5,66,23.4
LED_10,7/26/2024 15:59,30,67,23.2
LED_10,7/26/2024 16:59,30,65.5,22.8
LED_10,7/26/2024 17:59,29,66,22
LED_10,7/26/2024 18:59,27,74,22
LED_10,7/26/2024 19:59,26,74,21
LED_10,7/26/2024 20:59,25.5,78,21.4
LED_10,7/26/2024 21:59,24.5,80,20.8
LED_10,7/26/2024 22:59,24,82,20.7
LED_10,7/26/2024 23:59,23.5,85,20.8
LED_10,7/27/2024 0:59,23,87,20.7
LED_10,7/27/2024 1:59,22.5,90,20.8
LED_10,7/27/2024 2:59,22,92.5,20.7
LED_10,7/27/2024 3:59,21.5,93,20.3
LED_10,7/27/2024 4:59,21,96,20.3
LED_10,7/27/2024 5:59,21,96,20.3
LED_10,7/27/2024 6:59,21,94,20
LED_10,7/27/2024 7:59,21.5,94,20.5
LED_10,7/27/2024 8:59,23.5,86.5,21.1
LED_10,7/27/2024 9:59,24.5,84,21.6
LED_10,7/27/2024 10:59,25,83,21.9
LED_10,7/27/2024 11:59,26,79,22.1
LED_10,7/27/2024 12:59,25.5,84.5,22.7
LED_10,7/27/2024 13:59,25,85.5,22.4
LED_10,7/27/2024 14:59,25.5,85.5,22.9
LED_10,7/27/2024 15:59,24,100,24
LED_10,7/27/2024 16:59,22.5,100,22.5
LED_10,7/27/2024 17:59,23,100,23
LED_10,7/27/2024 18:59,23,100,23
LED_10,7/27/2024 19:59,23,100,23
LED_10,7/27/2024 20:59,22.5,100,22.5
LED_10,7/27/2024 21:59,22.5,100,22.5
LED_10,7/27/2024 22:59,22.5,100,22.5
LED_10,7/27/2024 23:59,22.5,100,22.5
LED_10,7/28/2024 0:59,22.5,100,22.5
LED_10,7/28/2024 1:59,22.5,100,22.5
LED_10,7/28/2024 2:59,22,100,22
LED_10,7/28/2024 3:59,22,100,22
LED_10,7/28/2024 4:59,22,100,22
LED_10,7/28/2024 5:59,21.5,100,21.5
LED_10,7/28/2024 6:59,21.5,100,21.5
LED_10,7/28/2024 7:59,22,100,22
LED_10,7/28/2024 8:59,23.5,100,23.5
LED_10,7/28/2024 9:59,23.5,99.5,23.4
LED_10,7/28/2024 10:59,24.5,99,24.3
LED_10,7/28/2024 11:59,26.5,99.5,26.4
LED_10,7/28/2024 12:59,27.5,100,27.5
LED_10,7/28/2024 13:59,28,100,28
LED_10,7/28/2024 14:59,27.5,99,27.3
LED_10,7/28/2024 15:59,27,97.5,26.6
LED_10,7/28/2024 16:59,25,77.5,20.8
LED_10,7/28/2024 17:59,25.5,77,21.2
LED_10,7/28/2024 18:59,25,82.5,21.8
LED_10,7/28/2024 19:59,23.5,89,21.6
LED_10,7/28/2024 20:59,23,91,21.4
LED_10,7/28/2024 21:59,22.5,94,21.5
LED_10,7/28/2024 22:59,22.5,94.5,21.6
LED_10,7/28/2024 23:59,23,94.5,22.1
LED_10,7/29/2024 0:59,22.5,100,22.5
LED_10,7/29/2024 1:59,23.5,97.5,23.1
LED_10,7/29/2024 2:59,23.5,96,22.8
LED_10,7/29/2024 3:59,23.5,95.5,22.7
LED_10,7/29/2024 4:59,23.5,96,22.8
LED_10,7/29/2024 5:59,23.5,93.5,22.4
LED_10,7/29/2024 6:59,23.5,92,22.1
LED_10,7/29/2024 7:59,23.5,96.5,22.9
LED_10,7/29/2024 8:59,21,100,21
LED_10,7/29/2024 9:59,21.5,100,21.5
LED_10,7/29/2024 10:59,22,100,22
LED_10,7/29/2024 11:59,25,100,25
LED_10,7/29/2024 12:59,26.5,100,26.5
LED_10,7/29/2024 13:59,28,100,28
LED_10,7/29/2024 14:59,30,100,30
LED_10,7/29/2024 15:59,32,88.5,29.9
LED_10,7/29/2024 16:59,33.5,76,28.7
LED_10,7/29/2024 17:59,33,69.5,26.7
LED_10,7/29/2024 18:59,30.5,76.5,25.9
LED_10,7/29/2024 19:59,29.5,79,25.5
LED_10,7/29/2024 20:59,28.5,81.5,25
LED_10,7/29/2024 21:59,28,86,25.4
LED_10,7/29/2024 22:59,27.5,88,25.3
LED_10,7/29/2024 23:59,27,91,25.4
LED_10,7/30/2024 0:59,26.5,92.5,25.2
LED_10,7/30/2024 1:59,26,93,24.8
LED_10,7/30/2024 2:59,26.5,91.5,25
LED_10,7/30/2024 3:59,25.5,93.5,24.4
LED_10,7/30/2024 4:59,25,95,24.1
LED_10,7/30/2024 5:59,25,94.5,24.1
LED_10,7/30/2024 6:59,25,94,24
LED_10,7/30/2024 7:59,25.5,92,24.1
LED_10,7/30/2024 8:59,27.5,85.5,24.8
LED_10,7/30/2024 9:59,27.5,86.5,25
LED_10,7/30/2024 10:59,29,82,25.6
LED_10,7/30/2024 11:59,32,73,26.5
LED_10,7/30/2024 12:59,33,69.5,26.7
LED_10,7/30/2024 13:59,33,69.5,26.7
LED_10,7/30/2024 14:59,33.5,70.5,27.4
LED_10,7/30/2024 15:59,30.5,76,25.8
LED_10,7/30/2024 16:59,23,99,22.8
LED_10,7/30/2024 17:59,22.5,100,22.5
LED_10,7/30/2024 18:59,23.5,95,22.7
LED_10,7/30/2024 19:59,23.5,95.5,22.7
LED_10,7/30/2024 20:59,23.5,93.5,22.4
LED_10,7/30/2024 21:59,23,96,22.3
LED_10,7/30/2024 22:59,24,88,21.9
LED_10,7/30/2024 23:59,23.5,91,21.9
LED_10,7/31/2024 0:59,23,95.5,22.2
LED_10,7/31/2024 1:59,23,92,21.6
LED_10,7/31/2024 2:59,23,93,21.8
LED_10,7/31/2024 3:59,23.5,96.5,22.9
LED_10,7/31/2024 4:59,23,98.5,22.8
LED_10,7/31/2024 5:59,24,97,23.5
LED_10,7/31/2024 6:59,24.5,94.5,23.6
LED_10,7/31/2024 7:59,25,92.5,23.7
LED_10,7/31/2024 8:59,28,84,25
LED_10,7/31/2024 9:59,28,83.5,24.9
LED_10,7/31/2024 10:59,30,78,25.7
LED_10,7/31/2024 11:59,27.5,74.5,22.6
LED_10,7/31/2024 12:59,30.5,68,23.9
LED_10,7/31/2024 13:59,31.5,69,25.1
LED_10,7/31/2024 14:59,32,70,25.8
LED_10,7/31/2024 15:59,33,66.5,25.9
LED_10,7/31/2024 16:59,34.5,63.5,26.6
LED_10,7/31/2024 17:59,33.5,65,26
LED_10,7/31/2024 18:59,30.5,75.5,25.7
LED_10,7/31/2024 19:59,29,84,26
LED_10,7/31/2024 20:59,28,87.5,25.7
LED_10,7/31/2024 21:59,28,89.5,26.1
LED_10,7/31/2024 22:59,28,87,25.6
LED_10,7/31/2024 23:59,27.5,83.5,24.5
LED_10,8/1/2024 0:59,27.5,82.5,24.2
LED_10,8/1/2024 1:59,27.5,82.5,24.2
LED_10,8/1/2024 2:59,27,83.5,24
LED_10,8/1/2024 3:59,26.5,86.5,24.1
LED_10,8/1/2024 4:59,24,85.5,21.4
LED_10,8/1/2024 5:59,23,89.5,21.2
LED_10,8/1/2024 6:59,23,91.5,21.5
LED_10,8/1/2024 7:59,24,90.5,22.3
LED_10,8/1/2024 8:59,25.5,85,22.8
LED_10,8/1/2024 9:59,26,85,23.3
LED_10,8/1/2024 10:59,28,81,24.4
LED_10,8/1/2024 11:59,30.5,71,24.6
LED_10,8/1/2024 12:59,31.5,64.5,24
LED_10,8/1/2024 13:59,33,63.5,25.1
LED_10,8/1/2024 14:59,33,58,23.6
LED_10,8/1/2024 15:59,34.5,56,24.4
LED_10,8/1/2024 16:59,35,55.5,24.7
LED_10,8/1/2024 17:59,30,67,23.2
LED_10,8/1/2024 18:59,29.5,72,23.9
LED_10,8/1/2024 19:59,28.5,72,23
LED_10,8/1/2024 20:59,28,74,22.9
LED_10,8/1/2024 21:59,27,81.5,23.6
LED_10,8/1/2024 22:59,25.5,84.5,22.7
LED_10,8/1/2024 23:59,25.5,85.5,22.9
LED_10,8/2/2024 0:59,24.5,88.5,22.5
LED_10,8/2/2024 1:59,24,90.5,22.3
LED_10,8/2/2024 2:59,23.5,93,22.3
LED_10,8/2/2024 3:59,23,94,22
LED_10,8/2/2024 4:59,22.5,95.5,21.7
LED_10,8/2/2024 5:59,22.5,95.5,21.7
LED_10,8/2/2024 6:59,22.5,95.5,21.7
LED_10,8/2/2024 7:59,23,89,21.1
LED_10,8/2/2024 8:59,24,81.5,20.6
LED_10,8/2/2024 9:59,24.5,78.5,20.5
LED_10,8/2/2024 10:59,25,75.5,20.4
LED_10,8/2/2024 11:59,26.5,74.5,21.6
LED_10,8/2/2024 12:59,27,72.5,21.6
LED_10,8/2/2024 13:59,27.5,68,21.1
LED_10,8/2/2024 14:59,29.5,62,21.4
LED_10,8/2/2024 15:59,29,62,21
LED_10,8/2/2024 16:59,28,67.5,21.4
LED_10,8/2/2024 17:59,28,66.5,21.2
LED_10,8/2/2024 18:59,26.5,69.5,20.5
LED_10,8/2/2024 19:59,25.5,72,20.1
LED_10,8/2/2024 20:59,24.5,77,20.2
LED_10,8/2/2024 21:59,24,80.5,20.4
LED_10,8/2/2024 22:59,23.5,83,20.4
LED_10,8/2/2024 23:59,23,85,20.3
LED_10,8/3/2024 0:59,22.5,88,20.4
LED_10,8/3/2024 1:59,22,91,20.5
LED_10,8/3/2024 2:59,21.5,92.5,20.2
LED_10,8/3/2024 3:59,21.5,93.5,20.4
LED_10,8/3/2024 4:59,21,95,20.2
LED_10,8/3/2024 5:59,21,95,20.2
LED_10,8/3/2024 6:59,21,96.5,20.4
LED_10,8/3/2024 7:59,22.5,93.5,21.4
LED_10,8/3/2024 8:59,24,89.5,22.2
LED_10,8/3/2024 9:59,26,81,22.5
LED_10,8/3/2024 10:59,28,74,22.9
LED_10,8/3/2024 11:59,30,64.5,22.6
LED_10,8/3/2024 12:59,31.5,58.5,22.4
LED_10,8/3/2024 13:59,31.5,56.5,21.8
LED_10,8/3/2024 14:59,33,55,22.7
LED_10,8/3/2024 15:59,36,50.5,24.1
LED_10,8/3/2024 16:59,34.5,50,22.6
LED_10,8/3/2024 17:59,32.5,55,22.3
LED_10,8/3/2024 18:59,29.5,67.5,22.8
LED_10,8/3/2024 19:59,27.5,70,21.5
LED_10,8/3/2024 20:59,27,71.5,21.4
LED_10,8/3/2024 21:59,26.5,74.5,21.6
LED_10,8/3/2024 22:59,25.5,80.5,21.9
LED_10,8/3/2024 23:59,24,87,21.7
LED_10,8/4/2024 0:59,23,93,21.8
LED_10,8/4/2024 1:59,22.5,96,21.8
LED_10,8/4/2024 2:59,22,95,21.2
LED_10,8/4/2024 3:59,23.5,91.5,22
LED_10,8/4/2024 4:59,22.5,94.5,21.6
LED_10,8/4/2024 5:59,23,91.5,21.5
LED_10,8/4/2024 6:59,23,91,21.4
LED_10,8/4/2024 7:59,24,88,21.9
LED_10,8/4/2024 8:59,25.5,84,22.6
LED_10,8/4/2024 9:59,27,77,22.6
LED_10,8/4/2024 10:59,29.5,69,23.2
LED_10,8/4/2024 11:59,31.5,62,23.3
LED_10,8/4/2024 12:59,33,57,23.3
LED_10,8/4/2024 13:59,33.5,54.5,23.1
LED_10,8/4/2024 14:59,34.5,53.5,23.7
LED_10,8/4/2024 15:59,35.5,51,23.8
LED_10,8/4/2024 16:59,35,53.5,24.1
LED_10,8/4/2024 17:59,33.5,57.5,23.9
LED_10,8/4/2024 18:59,30,65.5,22.8
LED_10,8/4/2024 19:59,29,70,23
LED_10,8/4/2024 20:59,28,74.5,23
LED_10,8/4/2024 21:59,27.5,72.5,22.1
LED_10,8/4/2024 22:59,26,80,22.3
LED_10,8/4/2024 23:59,26.5,74,21.5
LED_10,8/5/2024 0:59,25,82.5,21.8
LED_10,8/5/2024 1:59,24,87,21.7
LED_10,8/5/2024 2:59,25,81,21.5
LED_10,8/5/2024 3:59,24.5,83.5,21.5
LED_10,8/5/2024 4:59,24.5,84.5,21.7
LED_10,8/5/2024 5:59,24,84.5,21.2
LED_10,8/5/2024 6:59,23.5,87,21.2
LED_10,8/5/2024 7:59,24,85.5,21.4
LED_10,8/5/2024 8:59,25.5,83,22.4
LED_10,8/5/2024 9:59,27.5,76.5,23
LED_10,8/5/2024 10:59,30,71,24.2
LED_10,8/5/2024 11:59,32.5,63,24.5
LED_10,8/5/2024 12:59,33.5,55,23.2
LED_10,8/5/2024 13:59,34,50,22.1
LED_10,8/5/2024 14:59,35,47.5,22.2
LED_10,8/5/2024 15:59,37.5,45,23.5
LED_10,8/5/2024 16:59,37,45,23.1
LED_10,8/5/2024 17:59,35,49,22.7
LED_10,8/5/2024 18:59,31,64,23.4
LED_10,8/5/2024 19:59,29,67,22.2
LED_10,8/5/2024 20:59,28.5,66,21.5
LED_10,8/5/2024 21:59,28,67.5,21.4
LED_10,8/5/2024 22:59,26.5,71.5,20.9
LED_10,8/5/2024 23:59,26.5,75,21.7
LED_10,8/6/2024 0:59,26.5,75.5,21.8
LED_10,8/6/2024 1:59,25,84,22.1
LED_10,8/6/2024 2:59,24,90,22.3
LED_10,8/6/2024 3:59,23.5,87.5,21.3
LED_10,8/6/2024 4:59,23,90.5,21.4
LED_10,8/6/2024 5:59,23.5,85.5,20.9
LED_10,8/6/2024 6:59,23,83.5,20.1
LED_10,8/6/2024 7:59,24,79,20.1
LED_10,8/6/2024 8:59,25.5,75,20.7
LED_10,8/6/2024 9:59,28,68.5,21.7
LED_10,8/6/2024 10:59,30,66.5,23.1
LED_10,8/6/2024 11:59,32,60,23.3
LED_10,8/6/2024 12:59,33,55,22.7
LED_10,8/6/2024 13:59,33.5,56.5,23.7
LED_10,8/6/2024 14:59,30.5,66,23.4
LED_10,8/6/2024 15:59,29,71,23.2
LED_10,8/6/2024 16:59,30,64,22.4
LED_10,8/6/2024 17:59,26.5,69.5,20.5
LED_10,8/6/2024 18:59,23.5,76,19
LED_10,8/6/2024 19:59,22.5,80,18.9
LED_10,8/6/2024 20:59,21,84,18.2
LED_10,8/6/2024 21:59,19.5,90,17.8
LED_10,8/6/2024 22:59,19,94,18
LED_10,8/6/2024 23:59,19,92,17.7
LED_10,8/7/2024 0:59,19,95,18.2
LED_10,8/7/2024 1:59,18.5,97,18
LED_10,8/7/2024 2:59,18.5,98,18.2
LED_10,8/7/2024 3:59,19,98.5,18.8
LED_10,8/7/2024 4:59,18.5,99,18.3
LED_10,8/7/2024 5:59,18.5,98,18.2
LED_10,8/7/2024 6:59,18.5,98,18.2
LED_10,8/7/2024 7:59,19,97.5,18.6
LED_10,8/7/2024 8:59,19.5,96.5,18.9
LED_10,8/7/2024 9:59,20.5,88.5,18.5
LED_10,8/7/2024 10:59,21.5,86,19.1
LED_10,8/7/2024 11:59,21.5,82.5,18.4
LED_10,8/7/2024 12:59,22.5,80,18.9
LED_10,8/7/2024 13:59,23,78,19
LED_10,8/7/2024 14:59,23,75,18.3
LED_10,8/7/2024 15:59,23.5,74,18.6
LED_10,8/7/2024 16:59,24,74,19.1
LED_10,8/7/2024 17:59,23.5,76.5,19.1
LED_10,8/7/2024 18:59,22.5,80,18.9
LED_10,8/7/2024 19:59,22,84,19.2
LED_10,8/7/2024 20:59,22,85,19.4
LED_10,8/7/2024 21:59,21.5,84.5,18.8
LED_10,8/7/2024 22:59,21.5,87.5,19.3
LED_10,8/7/2024 23:59,21,88.5,19
LED_10,8/8/2024 0:59,20.5,91.5,19.1
LED_10,8/8/2024 1:59,20,95,19.2
LED_10,8/8/2024 2:59,19.5,95.5,18.8
LED_10,8/8/2024 3:59,19.5,96,18.8
LED_10,8/8/2024 4:59,19,97,18.5
LED_10,8/8/2024 5:59,19,98,18.7
LED_10,8/8/2024 6:59,19,98,18.7
LED_10,8/8/2024 7:59,20,96.5,19.4
LED_10,8/8/2024 8:59,21.5,91,20
LED_10,8/8/2024 9:59,24,80.5,20.4
LED_10,8/8/2024 10:59,24.5,75.5,19.9
LED_10,8/8/2024 11:59,26.5,69,20.3
LED_10,8/8/2024 12:59,26,64.5,18.8
LED_10,8/8/2024 13:59,26,65.5,19
LED_10,8/8/2024 14:59,27,67,20.3
LED_10,8/8/2024 15:59,27,63,19.4
LED_10,8/8/2024 16:59,26,67,19.4
LED_10,8/8/2024 17:59,24.5,68,18.2
LED_10,8/8/2024 18:59,24,71.5,18.5
LED_10,8/8/2024 19:59,24,74.5,19.2
LED_10,8/8/2024 20:59,23.5,78.5,19.5
LED_10,8/8/2024 21:59,22.5,83,19.5
LED_10,8/8/2024 22:59,22,86.5,19.6
LED_10,8/8/2024 23:59,21.5,89.5,19.7
LED_10,8/9/2024 0:59,22,88,19.9
LED_10,8/9/2024 1:59,22,84.5,19.3
LED_10,8/9/2024 2:59,21.5,73.5,16.6
LED_10,8/9/2024 3:59,21,71,15.5
LED_10,8/9/2024 4:59,20.5,69,14.6
LED_10,8/9/2024 5:59,19.5,67,13.2
LED_10,8/9/2024 6:59,18.5,71,13.1
LED_10,8/9/2024 7:59,18,74,13.3
LED_10,8/9/2024 8:59,19,70,13.4
LED_10,8/9/2024 9:59,20.5,62,13
LED_10,8/9/2024 10:59,21.5,56.5,12.5
LED_10,8/9/2024 11:59,23.5,54.5,13.8
LED_10,8/9/2024 12:59,24,54.5,14.3
LED_10,8/9/2024 13:59,25,49,13.5
LED_10,8/9/2024 14:59,26,48,14.1
LED_10,8/9/2024 15:59,27,46.5,14.6
LED_10,8/9/2024 16:59,26.5,49.5,15.1
LED_10,8/9/2024 17:59,24.5,51.5,13.9
LED_10,8/9/2024 18:59,22,62.5,14.5
LED_10,8/9/2024 19:59,20.5,70.5,15
LED_10,8/9/2024 20:59,19.5,69.5,13.8
LED_10,8/9/2024 21:59,19.5,69.5,13.8
LED_10,8/9/2024 22:59,18.5,71.5,13.3
LED_10,8/9/2024 23:59,18,73.5,13.2
LED_10,8/10/2024 0:59,17,80,13.5
LED_10,8/10/2024 1:59,16,84.5,13.4
LED_10,8/10/2024 2:59,15.5,85.5,13.1
LED_10,8/10/2024 3:59,15,86,12.7
LED_10,8/10/2024 4:59,14.5,88,12.5
LED_10,8/10/2024 5:59,14,89,12.2
LED_10,8/10/2024 6:59,14,91,12.6
LED_10,8/10/2024 7:59,15,90.5,13.5
LED_10,8/10/2024 8:59,17.5,84,14.8
LED_10,8/10/2024 9:59,20.5,69.5,14.7
LED_10,8/10/2024 10:59,22,54.5,12.4
LED_10,8/10/2024 11:59,25,48,13.2
LED_10,8/10/2024 12:59,24.5,49,13.1
LED_10,8/10/2024 13:59,26,43,12.5
LED_10,8/10/2024 14:59,27,42.5,13.2
LED_10,8/10/2024 15:59,26.5,44.5,13.4
LED_10,8/10/2024 16:59,26,49.5,14.6
LED_10,8/10/2024 17:59,23.5,59,15
LED_10,8/10/2024 18:59,22,63,14.6
LED_10,8/10/2024 19:59,21,68.5,15
LED_10,8/10/2024 20:59,20.5,65,13.7
LED_10,8/10/2024 21:59,20,66.5,13.6
LED_10,8/10/2024 22:59,19,73.5,14.2
LED_10,8/10/2024 23:59,19,77,14.9
LED_10,8/11/2024 0:59,19,76,14.7
LED_10,8/11/2024 1:59,18.5,79.5,14.9
LED_10,8/11/2024 2:59,18,81,14.7
LED_10,8/11/2024 3:59,18.5,80.5,15.1
LED_10,8/11/2024 4:59,18.5,83,15.6
LED_10,8/11/2024 5:59,18,82.5,15
LED_10,8/11/2024 6:59,18.5,84,15.7
LED_10,8/11/2024 7:59,19,81,15.7
LED_10,8/11/2024 8:59,21,73.5,16.1
LED_10,8/11/2024 9:59,22.5,67,16.1
LED_10,8/11/2024 10:59,25,51,14.2
LED_10,8/11/2024 11:59,28,49.5,16.4
LED_10,8/11/2024 12:59,27.5,45,14.5
LED_10,8/11/2024 13:59,28,43.5,14.4
LED_10,8/11/2024 14:59,27.5,50,16.1
LED_10,8/11/2024 15:59,29,47,16.5
LED_10,8/11/2024 16:59,25.5,57,16.4
LED_10,8/11/2024 17:59,24.5,60,16.2
LED_10,8/11/2024 18:59,24,66,17.3
LED_10,8/11/2024 19:59,22.5,69,16.5
LED_10,8/11/2024 20:59,22.5,65.5,15.7
LED_10,8/11/2024 21:59,22.5,68,16.3
LED_10,8/11/2024 22:59,21.5,70.5,15.9
LED_10,8/11/2024 23:59,21.5,69,15.6
LED_10,8/12/2024 0:59,21.5,72,16.2
LED_10,8/12/2024 1:59,21,73,16
LED_10,8/12/2024 2:59,21,76,16.6
LED_10,8/12/2024 3:59,20.5,79,16.7
LED_10,8/12/2024 4:59,20.5,78,16.5
LED_10,8/12/2024 5:59,20.5,78.5,16.6
LED_10,8/12/2024 6:59,21,71,15.5
LED_10,8/12/2024 7:59,21,72.5,15.9
LED_10,8/12/2024 8:59,21.5,72,16.2
LED_10,8/12/2024 9:59,21,80,17.4
LED_10,8/12/2024 10:59,21.5,82,18.3
LED_10,8/12/2024 11:59,20,90,18.3
LED_10,8/12/2024 12:59,19,99.5,18.9
LED_10,8/12/2024 13:59,19,100,19
LED_10,8/12/2024 14:59,19,100,19
LED_10,8/12/2024 15:59,19,100,19
LED_10,8/12/2024 16:59,19,100,19
LED_10,8/12/2024 17:59,19,100,19
LED_10,8/12/2024 18:59,18.5,100,18.5
LED_10,8/12/2024 19:59,18.5,100,18.5
LED_10,8/12/2024 20:59,18.5,100,18.5
LED_10,8/12/2024 21:59,18,100,18
LED_10,8/12/2024 22:59,18,100,18
LED_10,8/12/2024 23:59,18,100,18
LED_10,8/13/2024 0:59,17.5,100,17.5
LED_10,8/13/2024 1:59,17.5,100,17.5
LED_10,8/13/2024 2:59,17.5,100,17.5
LED_10,8/13/2024 3:59,17.5,100,17.5
LED_10,8/13/2024 4:59,17.5,100,17.5
LED_10,8/13/2024 5:59,17.5,100,17.5
LED_10,8/13/2024 6:59,17.5,100,17.5
LED_10,8/13/2024 7:59,18,100,18
LED_10,8/13/2024 8:59,19,100,19
LED_10,8/13/2024 9:59,19.5,100,19.5
LED_10,8/13/2024 10:59,21,100,21
LED_10,8/13/2024 11:59,22.5,100,22.5
LED_10,8/13/2024 12:59,23,94,22
LED_10,8/13/2024 13:59,24,92,22.6
LED_10,8/13/2024 14:59,24,89.5,22.2
LED_10,8/13/2024 15:59,24.5,89.5,22.7
LED_10,8/13/2024 16:59,25.5,87,23.2
LED_10,8/13/2024 17:59,24.5,86,22
LED_10,8/13/2024 18:59,23.5,85.5,20.9
LED_10,8/13/2024 19:59,23,88,20.9
LED_10,8/13/2024 20:59,22.5,91,21
LED_10,8/13/2024 21:59,22.5,91,21
LED_10,8/13/2024 22:59,22.5,89.5,20.7
LED_10,8/13/2024 23:59,22.5,92,21.1
LED_10,8/14/2024 0:59,22.5,89,20.6
LED_10,8/14/2024 1:59,22,89,20.1
LED_10,8/14/2024 2:59,22,89,20.1
LED_10,8/14/2024 3:59,21.5,88,19.4
LED_10,8/14/2024 4:59,21,89.5,19.2
LED_10,8/14/2024 5:59,21,91,19.5
LED_10,8/14/2024 6:59,21,91,19.5
LED_10,8/14/2024 7:59,21.5,89.5,19.7
LED_10,8/14/2024 8:59,23,85,20.3
LED_10,8/14/2024 9:59,23.5,85.5,20.9
LED_10,8/14/2024 10:59,24,84,21.1
LED_10,8/14/2024 11:59,23,91,21.4
LED_10,8/14/2024 12:59,21,100,21
LED_10,8/14/2024 13:59,21,100,21
LED_10,8/14/2024 14:59,22,100,22
LED_10,8/14/2024 15:59,22.5,100,22.5
LED_10,8/14/2024 16:59,24,100,24
LED_10,8/14/2024 17:59,24,100,24
LED_10,8/14/2024 18:59,23.5,100,23.5
LED_10,8/14/2024 19:59,22.5,100,22.5
LED_10,8/14/2024 20:59,22.5,100,22.5
LED_10,8/14/2024 21:59,22,100,22
LED_10,8/14/2024 22:59,22,100,22
LED_10,8/14/2024 23:59,22.5,100,22.5
LED_10,8/15/2024 0:59,22,100,22
LED_10,8/15/2024 1:59,22.5,100,22.5
LED_10,8/15/2024 2:59,22.5,100,22.5
LED_10,8/15/2024 3:59,22.5,100,22.5
LED_10,8/15/2024 4:59,22.5,100,22.5
LED_10,8/15/2024 5:59,22,100,22
LED_10,8/15/2024 6:59,22,100,22
LED_10,8/15/2024 7:59,22.5,100,22.5
LED_10,8/15/2024 8:59,23.5,100,23.5
LED_10,8/15/2024 9:59,24.5,99.5,24.4
LED_10,8/15/2024 10:59,26.5,93,25.3
LED_10,8/15/2024 11:59,28.5,90.5,26.8
LED_10,8/15/2024 12:59,29,87,26.6
LED_10,8/15/2024 13:59,30.5,78.5,26.3
LED_10,8/15/2024 14:59,31,79.5,27
LED_10,8/15/2024 15:59,32,72,26.3
LED_10,8/15/2024 16:59,33,64.5,25.4
LED_10,8/15/2024 17:59,35.5,57,25.7
LED_10,8/15/2024 18:59,30.5,73,25.1
LED_10,8/15/2024 19:59,28.5,77.5,24.2
LED_10,8/15/2024 20:59,25,99,24.8
LED_10,8/15/2024 21:59,24,100,24
LED_10,8/15/2024 22:59,21.5,100,21.5
LED_10,8/15/2024 23:59,22,100,22
LED_10,8/16/2024 0:59,22,100,22
LED_10,8/16/2024 1:59,21.5,100,21.5
LED_10,8/16/2024 2:59,21.5,100,21.5
LED_10,8/16/2024 3:59,21.5,100,21.5
LED_10,8/16/2024 4:59,21.5,100,21.5
LED_10,8/16/2024 5:59,21,100,21
LED_10,8/16/2024 6:59,21,100,21
LED_10,8/16/2024 7:59,21.5,100,21.5
LED_10,8/16/2024 8:59,22.5,100,22.5
LED_10,8/16/2024 9:59,24,99.5,23.9
LED_10,8/16/2024 10:59,26,100,26
LED_10,8/16/2024 11:59,28,95.5,27.2
LED_10,8/16/2024 12:59,29.5,87,27.1
LED_10,8/16/2024 13:59,30.5,78.5,26.3
LED_10,8/16/2024 14:59,31.5,63.5,23.7
LED_10,8/16/2024 15:59,33.5,52.5,22.4
LED_10,8/16/2024 16:59,33,55,22.7
LED_10,8/16/2024 17:59,34.5,49.5,22.4
LED_10,8/16/2024 18:59,29,66,22
LED_10,8/16/2024 19:59,27.5,65,20.3
LED_10,8/16/2024 20:59,27,68.5,20.7
LED_10,8/16/2024 21:59,26.5,73,21.3
LED_10,8/16/2024 22:59,25,81,21.5
LED_10,8/16/2024 23:59,24.5,80.5,20.9
LED_10,8/17/2024 0:59,24,84,21.1
LED_10,8/17/2024 1:59,23,87.5,20.8
LED_10,8/17/2024 2:59,23.5,86,21
LED_10,8/17/2024 3:59,23,89,21.1
LED_10,8/17/2024 4:59,22,92,20.6
LED_10,8/17/2024 5:59,22,94.5,21.1
LED_10,8/17/2024 6:59,22,94,21
LED_10,8/17/2024 7:59,22.5,92.5,21.2
LED_10,8/17/2024 8:59,24,90,22.3
LED_10,8/17/2024 9:59,26,83.5,23
LED_10,8/17/2024 10:59,27.5,75.5,22.8
LED_10,8/17/2024 11:59,29,70,23
LED_10,8/17/2024 12:59,30.5,65.5,23.3
LED_10,8/17/2024 13:59,30.5,61.5,22.3
LED_10,8/17/2024 14:59,31,59.5,22.2
LED_10,8/17/2024 15:59,31.5,53.5,20.9
LED_10,8/17/2024 16:59,31,56,21.2
LED_10,8/17/2024 17:59,30,53.5,19.5
LED_10,8/17/2024 18:59,27,67,20.3
LED_10,8/17/2024 19:59,25.5,72,20.1
LED_10,8/17/2024 20:59,24.5,75,19.8
LED_10,8/17/2024 21:59,24,80,20.3
LED_10,8/17/2024 22:59,23.5,80.5,19.9
LED_10,8/17/2024 23:59,23,82.5,19.9
LED_10,8/18/2024 0:59,22,88,19.9
LED_10,8/18/2024 1:59,21.5,90.5,19.9
LED_10,8/18/2024 2:59,21,91.5,19.6
LED_10,8/18/2024 3:59,20.5,93.5,19.4
LED_10,8/18/2024 4:59,20,95,19.2
LED_10,8/18/2024 5:59,19.5,95.5,18.8
LED_10,8/18/2024 6:59,20,95.5,19.3
LED_10,8/18/2024 7:59,20,94.5,19.1
LED_10,8/18/2024 8:59,22,87,19.7
LED_10,8/18/2024 9:59,23.5,79.5,19.7
LED_10,8/18/2024 10:59,25,72,19.6
LED_10,8/18/2024 11:59,27.5,65,20.3
LED_10,8/18/2024 12:59,27.5,66,20.6
LED_10,8/18/2024 13:59,27,64,19.6
LED_10,8/18/2024 14:59,29.5,59,20.6
LED_10,8/18/2024 15:59,27.5,65,20.3
LED_10,8/18/2024 16:59,30,57,20.5
LED_10,8/18/2024 17:59,28.5,56.5,19
LED_10,8/18/2024 18:59,25,64.5,17.8
LED_10,8/18/2024 19:59,24.5,68,18.2
LED_10,8/18/2024 20:59,23.5,72.5,18.3
LED_10,8/18/2024 21:59,23,77.5,18.9
LED_10,8/18/2024 22:59,21.5,81.5,18.2
LED_10,8/18/2024 23:59,21.5,82.5,18.4
LED_10,8/19/2024 0:59,20.5,87,18.3
LED_10,8/19/2024 1:59,19.5,91,18
LED_10,8/19/2024 2:59,19.5,93,18.3
LED_10,8/19/2024 3:59,19.5,93,18.3
LED_10,8/19/2024 4:59,19.5,93,18.3
LED_10,8/19/2024 5:59,19,95,18.2
LED_10,8/19/2024 6:59,18.5,95,17.7
LED_10,8/19/2024 7:59,19.5,94.5,18.6
LED_10,8/19/2024 8:59,21.5,89.5,19.7
LED_10,8/19/2024 9:59,23.5,81,20
LED_10,8/19/2024 10:59,25,74.5,20.1
LED_10,8/19/2024 11:59,26,71,20.3
LED_10,8/19/2024 12:59,27.5,64,20.1
LED_10,8/19/2024 13:59,28,58.5,19.1
LED_10,8/19/2024 14:59,28,57.5,18.8
LED_10,8/19/2024 15:59,31,47.5,18.5
LED_10,8/19/2024 16:59,28,57.5,18.8
LED_10,8/19/2024 17:59,26.5,62.5,18.8
LED_10,8/19/2024 18:59,25,61,17
LED_10,8/19/2024 19:59,24,65,17
LED_10,8/19/2024 20:59,23.5,68,17.3
LED_10,8/19/2024 21:59,22.5,70,16.8
LED_10,8/19/2024 22:59,21.5,70,15.8
LED_10,8/19/2024 23:59,20.5,66.5,14
LED_10,8/20/2024 0:59,20,69.5,14.3
LED_10,8/20/2024 1:59,18.5,75,14
LED_10,8/20/2024 2:59,17.5,81.5,14.3
LED_10,8/20/2024 3:59,16.5,81,13.2
LED_10,8/20/2024 4:59,16,85,13.5
LED_10,8/20/2024 5:59,16,83,13.1
LED_10,8/20/2024 6:59,16,86.5,13.7
LED_10,8/20/2024 7:59,17,82.5,14
LED_10,8/20/2024 8:59,19.5,73.5,14.6
LED_10,8/20/2024 9:59,21,61.5,13.3
LED_10,8/20/2024 10:59,23,60.5,14.9
LED_10,8/20/2024 11:59,24.5,56,15.1
LED_10,8/20/2024 12:59,24.5,58,15.7
LED_10,8/20/2024 13:59,24.5,57,15.4
LED_10,8/20/2024 14:59,24.5,55.5,15
LED_10,8/20/2024 15:59,24,57,15
LED_10,8/20/2024 16:59,26,53.5,15.8
LED_10,8/20/2024 17:59,25.5,53.5,15.4
LED_10,8/20/2024 18:59,23,59,14.6
LED_10,8/20/2024 19:59,21,69.5,15.2
LED_10,8/20/2024 20:59,21,63,13.7
LED_10,8/20/2024 21:59,20,63.5,12.9
LED_10,8/20/2024 22:59,19,66,12.5
LED_10,8/20/2024 23:59,18.5,70,12.9
LED_10,8/21/2024 0:59,18,75,13.5
LED_10,8/21/2024 1:59,17.5,76,13.2
LED_10,8/21/2024 2:59,16.5,81.5,13.3
LED_10,8/21/2024 3:59,16.5,82,13.4
LED_10,8/21/2024 4:59,16.5,84,13.8
LED_10,8/21/2024 5:59,16.5,83.5,13.7
LED_10,8/21/2024 6:59,16,83,13.1
LED_10,8/21/2024 7:59,16.5,83.5,13.7
LED_10,8/21/2024 8:59,17.5,84,14.8
LED_10,8/21/2024 9:59,18,80.5,14.6
LED_10,8/21/2024 10:59,18,78.5,14.2
LED_10,8/21/2024 11:59,19.5,68,13.4
LED_10,8/21/2024 12:59,21.5,56.5,12.5
LED_10,8/21/2024 13:59,21,62.5,13.6
LED_10,8/21/2024 14:59,21.5,58,12.9
LED_10,8/21/2024 15:59,24.5,46,12.1
LED_10,8/21/2024 16:59,25.5,43,12
LED_10,8/21/2024 17:59,24,45,11.3
LED_10,8/21/2024 18:59,20.5,57.5,11.8
LED_10,8/21/2024 19:59,19.5,65,12.7
LED_10,8/21/2024 20:59,18.5,65.5,11.9
LED_10,8/21/2024 21:59,18.5,68.5,12.6
LED_10,8/21/2024 22:59,17.5,75.5,13.1
LED_10,8/21/2024 23:59,16,81,12.7
LED_200,7/19/2024 0:01,23,54.5,13.3
LED_200,7/19/2024 1:01,23,55.5,13.6
LED_200,7/19/2024 2:01,23,56.5,13.9
LED_200,7/19/2024 3:01,23,56,13.8
LED_200,7/19/2024 4:01,23,56.5,13.9
LED_200,7/19/2024 5:01,23,56.5,13.9
LED_200,7/19/2024 6:01,23,56.5,13.9
LED_200,7/19/2024 7:01,23,56.5,13.9
LED_200,7/19/2024 8:01,23,59,14.6
LED_200,7/19/2024 9:01,22.5,57,13.6
LED_200,7/19/2024 10:01,23,57,14
LED_200,7/19/2024 11:01,23.5,57,14.5
LED_200,7/19/2024 12:01,23,55,13.5
LED_200,7/19/2024 13:01,23.5,55.5,14.1
LED_200,7/19/2024 14:01,25,46,12.6
LED_200,7/19/2024 15:01,24.5,46.5,12.3
LED_200,7/19/2024 16:01,28,43.5,14.4
LED_200,7/19/2024 17:01,31,39.5,15.6
LED_200,7/19/2024 18:01,33.5,34.5,15.7
LED_200,7/19/2024 19:01,24.5,54,14.6
LED_200,7/19/2024 20:01,22,56,12.8
LED_200,7/19/2024 21:01,20.5,65,13.7
LED_200,7/19/2024 22:01,20,69,14.1
LED_200,7/19/2024 23:01,19,73.5,14.2
LED_200,7/20/2024 0:01,18,79,14.3
LED_200,7/20/2024 1:01,18,75.5,13.6
LED_200,7/20/2024 2:01,18,77,13.9
LED_200,7/20/2024 3:01,17.5,77.5,13.5
LED_200,7/20/2024 4:01,17,82.5,14
LED_200,7/20/2024 5:01,16.5,85,14
LED_200,7/20/2024 6:01,16.5,87.5,14.4
LED_200,7/20/2024 7:01,17,87.5,14.9
LED_200,7/20/2024 8:01,17,87.5,14.9
LED_200,7/20/2024 9:01,21,78,17
LED_200,7/20/2024 10:01,23,68.5,16.9
LED_200,7/20/2024 11:01,24,64.5,16.9
LED_200,7/20/2024 12:01,26,53,15.7
LED_200,7/20/2024 13:01,29,47.5,16.7
LED_200,7/20/2024 14:01,27.5,49,15.8
LED_200,7/20/2024 15:01,31,45,17.7
LED_200,7/20/2024 16:01,28.5,50,17.1
LED_200,7/20/2024 17:01,26.5,58.5,17.7
LED_200,7/20/2024 18:01,27,53,16.6
LED_200,7/20/2024 19:01,24,62.5,16.4
LED_200,7/20/2024 20:01,22.5,65.5,15.7
LED_200,7/20/2024 21:01,22,66.5,15.5
LED_200,7/20/2024 22:01,21.5,70,15.8
LED_200,7/20/2024 23:01,21.5,71,16
LED_200,7/21/2024 0:01,21.5,71.5,16.1
LED_200,7/21/2024 1:01,21,76,16.6
LED_200,7/21/2024 2:01,21,79,17.2
LED_200,7/21/2024 3:01,21,79,17.2
LED_200,7/21/2024 4:01,20.5,82,17.3
LED_200,7/21/2024 5:01,20.5,82,17.3
LED_200,7/21/2024 6:01,20,83,17
LED_200,7/21/2024 7:01,20,85,17.4
LED_200,7/21/2024 8:01,20,88,18
LED_200,7/21/2024 9:01,20.5,98,20.2
LED_200,7/21/2024 10:01,21,97.5,20.6
LED_200,7/21/2024 11:01,21.5,95.5,20.7
LED_200,7/21/2024 12:01,24,85,21.3
LED_200,7/21/2024 13:01,26.5,72.5,21.1
LED_200,7/21/2024 14:01,26,67,19.4
LED_200,7/21/2024 15:01,26.5,62,18.6
LED_200,7/21/2024 16:01,24.5,69,18.4
LED_200,7/21/2024 17:01,25.5,69,19.4
LED_200,7/21/2024 18:01,25,72,19.6
LED_200,7/21/2024 19:01,23.5,78,19.4
LED_200,7/21/2024 20:01,22.5,76.5,18.2
LED_200,7/21/2024 21:01,22,82.5,18.9
LED_200,7/21/2024 22:01,21.5,85,18.9
LED_200,7/21/2024 23:01,21,85,18.4
LED_200,7/22/2024 0:01,20.5,87,18.3
LED_200,7/22/2024 1:01,20,89,18.1
LED_200,7/22/2024 2:01,19.5,93,18.3
LED_200,7/22/2024 3:01,19,92.5,17.8
LED_200,7/22/2024 4:01,18.5,96.5,17.9
LED_200,7/22/2024 5:01,19,96,18.3
LED_200,7/22/2024 6:01,19,97.5,18.6
LED_200,7/22/2024 7:01,19,97.5,18.6
LED_200,7/22/2024 8:01,20.5,94,19.5
LED_200,7/22/2024 9:01,23,84.5,20.2
LED_200,7/22/2024 10:01,24.5,74,19.6
LED_200,7/22/2024 11:01,25.5,69,19.4
LED_200,7/22/2024 12:01,29.5,57.5,20.2
LED_200,7/22/2024 13:01,27.5,61,19.3
LED_200,7/22/2024 14:01,29.5,55,19.5
LED_200,7/22/2024 15:01,30,53,19.4
LED_200,7/22/2024 16:01,36.5,41.5,21.3
LED_200,7/22/2024 17:01,31.5,51.5,20.3
LED_200,7/22/2024 18:01,28,59,19.2
LED_200,7/22/2024 19:01,27,61.5,19
LED_200,7/22/2024 20:01,25,71,19.4
LED_200,7/22/2024 21:01,24,70.5,18.3
LED_200,7/22/2024 22:01,23,73,17.9
LED_200,7/22/2024 23:01,22.5,76.5,18.2
LED_200,7/23/2024 0:01,22,80.5,18.5
LED_200,7/23/2024 1:01,21,86,18.6
LED_200,7/23/2024 2:01,20,91,18.5
LED_200,7/23/2024 3:01,19.5,93.5,18.4
LED_200,7/23/2024 4:01,19,95.5,18.3
LED_200,7/23/2024 5:01,18.5,96.5,17.9
LED_200,7/23/2024 6:01,18.5,97,18
LED_200,7/23/2024 7:01,18.5,97,18
LED_200,7/23/2024 8:01,20,96,19.3
LED_200,7/23/2024 9:01,22.5,91,21
LED_200,7/23/2024 10:01,25,78,20.9
LED_200,7/23/2024 11:01,27.5,65.5,20.5
LED_200,7/23/2024 12:01,30,61.5,21.8
LED_200,7/23/2024 13:01,30,60,21.4
LED_200,7/23/2024 14:01,30.5,56,20.7
LED_200,7/23/2024 15:01,33,52,21.8
LED_200,7/23/2024 16:01,35,45,21.3
LED_200,7/23/2024 17:01,39.5,38.5,22.7
LED_200,7/23/2024 18:01,33,51.5,21.7
LED_200,7/23/2024 19:01,28.5,65,21.3
LED_200,7/23/2024 20:01,26.5,73,21.3
LED_200,7/23/2024 21:01,25,76,20.5
LED_200,7/23/2024 22:01,24.5,76.5,20.1
LED_200,7/23/2024 23:01,23.5,83,20.4
LED_200,7/24/2024 0:01,23.5,83,20.4
LED_200,7/24/2024 1:01,23,85.5,20.4
LED_200,7/24/2024 2:01,22.5,88.5,20.5
LED_200,7/24/2024 3:01,22,91,20.5
LED_200,7/24/2024 4:01,21.5,93,20.3
LED_200,7/24/2024 5:01,21.5,92.5,20.2
LED_200,7/24/2024 6:01,20.5,94.5,19.6
LED_200,7/24/2024 7:01,21,95.5,20.3
LED_200,7/24/2024 8:01,22,90.5,20.4
LED_200,7/24/2024 9:01,24,87,21.7
LED_200,7/24/2024 10:01,25.5,83,22.4
LED_200,7/24/2024 11:01,28,73.5,22.8
LED_200,7/24/2024 12:01,30.5,62,22.4
LED_200,7/24/2024 13:01,30.5,60,21.8
LED_200,7/24/2024 14:01,32,56,22.1
LED_200,7/24/2024 15:01,34.5,47.5,21.7
LED_200,7/24/2024 16:01,37.5,43.5,23
LED_200,7/24/2024 17:01,39,40.5,23.1
LED_200,7/24/2024 18:01,33.5,50.5,21.8
LED_200,7/24/2024 19:01,29,59,20.2
LED_200,7/24/2024 20:01,27,64,19.6
LED_200,7/24/2024 21:01,26,63,18.4
LED_200,7/24/2024 22:01,25,68.5,18.8
LED_200,7/24/2024 23:01,23,78.5,19.1
LED_200,7/25/2024 0:01,22.5,82,19.3
LED_200,7/25/2024 1:01,22,89.5,20.2
LED_200,7/25/2024 2:01,21.5,89.5,19.7
LED_200,7/25/2024 3:01,21,92.5,19.7
LED_200,7/25/2024 4:01,20.5,93.5,19.4
LED_200,7/25/2024 5:01,20,95.5,19.3
LED_200,7/25/2024 6:01,19.5,98,19.2
LED_200,7/25/2024 7:01,19.5,97,19
LED_200,7/25/2024 8:01,21,96.5,20.4
LED_200,7/25/2024 9:01,24.5,87,22.2
LED_200,7/25/2024 10:01,27,78,22.8
LED_200,7/25/2024 11:01,29,69.5,22.8
LED_200,7/25/2024 12:01,31,65.5,23.8
LED_200,7/25/2024 13:01,32.5,55.5,22.4
LED_200,7/25/2024 14:01,29,67.5,22.4
LED_200,7/25/2024 15:01,21.5,98,21.2
LED_200,7/25/2024 16:01,24.5,100,24.5
LED_200,7/25/2024 17:01,31.5,93,30.2
LED_200,7/25/2024 18:01,31.5,76.5,26.9
LED_200,7/25/2024 19:01,28,74.5,23
LED_200,7/25/2024 20:01,26,79.5,22.2
LED_200,7/25/2024 21:01,26,80,22.3
LED_200,7/25/2024 22:01,24.5,85,21.8
LED_200,7/25/2024 23:01,24,87.5,21.8
LED_200,7/26/2024 0:01,23.5,89,21.6
LED_200,7/26/2024 1:01,23.5,90.5,21.9
LED_200,7/26/2024 2:01,23,92.5,21.7
LED_200,7/26/2024 3:01,22.5,95.5,21.7
LED_200,7/26/2024 4:01,22.5,96.5,21.9
LED_200,7/26/2024 5:01,22,98.5,21.8
LED_200,7/26/2024 6:01,22,99,21.8
LED_200,7/26/2024 7:01,22,97,21.5
LED_200,7/26/2024 8:01,22.5,91,21
LED_200,7/26/2024 9:01,24,86.5,21.6
LED_200,7/26/2024 10:01,25,85,22.3
LED_200,7/26/2024 11:01,27,80,23.3
LED_200,7/26/2024 12:01,29.5,71.5,23.8
LED_200,7/26/2024 13:01,30.5,67,23.7
LED_200,7/26/2024 14:01,30.5,66,23.4
LED_200,7/26/2024 15:01,33.5,58,24.1
LED_200,7/26/2024 16:01,34.5,55.5,24.3
LED_200,7/26/2024 17:01,34.5,53,23.5
LED_200,7/26/2024 18:01,31.5,57.5,22.1
LED_200,7/26/2024 19:01,27.5,71,21.8
LED_200,7/26/2024 20:01,26.5,73,21.3
LED_200,7/26/2024 21:01,25.5,78,21.4
LED_200,7/26/2024 22:01,24.5,79.5,20.7
LED_200,7/26/2024 23:01,24,81.5,20.6
LED_200,7/27/2024 0:01,23.5,85,20.8
LED_200,7/27/2024 1:01,23,86.5,20.6
LED_200,7/27/2024 2:01,22,89.5,20.2
LED_200,7/27/2024 3:01,22,91.5,20.6
LED_200,7/27/2024 4:01,21.5,92.5,20.2
LED_200,7/27/2024 5:01,21,95,20.2
LED_200,7/27/2024 6:01,21,95,20.2
LED_200,7/27/2024 7:01,21,93.5,19.9
LED_200,7/27/2024 8:01,22,92,20.6
LED_200,7/27/2024 9:01,24,84,21.1
LED_200,7/27/2024 10:01,25.5,79.5,21.7
LED_200,7/27/2024 11:01,26,80,22.3
LED_200,7/27/2024 12:01,27.5,74.5,22.6
LED_200,7/27/2024 13:01,26.5,79.5,22.7
LED_200,7/27/2024 14:01,26.5,80,22.8
LED_200,7/27/2024 15:01,26.5,81,23
LED_200,7/27/2024 16:01,24.5,97.5,24.1
LED_200,7/27/2024 17:01,23,100,23
LED_200,7/27/2024 18:01,23,100,23
LED_200,7/27/2024 19:01,23,100,23
LED_200,7/27/2024 20:01,23,100,23
LED_200,7/27/2024 21:01,22.5,100,22.5
LED_200,7/27/2024 22:01,22.5,100,22.5
LED_200,7/27/2024 23:01,22.5,100,22.5
LED_200,7/28/2024 0:01,22.5,100,22.5
LED_200,7/28/2024 1:01,22.5,100,22.5
LED_200,7/28/2024 2:01,22.5,100,22.5
LED_200,7/28/2024 3:01,22,100,22
LED_200,7/28/2024 4:01,22,100,22
LED_200,7/28/2024 5:01,22,100,22
LED_200,7/28/2024 6:01,21.5,100,21.5
LED_200,7/28/2024 7:01,22,100,22
LED_200,7/28/2024 8:01,22,100,22
LED_200,7/28/2024 9:01,23,100,23
LED_200,7/28/2024 10:01,24,100,24
LED_200,7/28/2024 11:01,25,100,25
LED_200,7/28/2024 12:01,27,100,27
LED_200,7/28/2024 13:01,29,82.5,25.7
LED_200,7/28/2024 14:01,30,74,24.9
LED_200,7/28/2024 15:01,28.5,75,23.6
LED_200,7/28/2024 16:01,30,68,23.4
LED_200,7/28/2024 17:01,25,74,20
LED_200,7/28/2024 18:01,26,73,20.8
LED_200,7/28/2024 19:01,25.5,79.5,21.7
LED_200,7/28/2024 20:01,24,87,21.7
LED_200,7/28/2024 21:01,23,89.5,21.2
LED_200,7/28/2024 22:01,22.5,93,21.3
LED_200,7/28/2024 23:01,22.5,93,21.3
LED_200,7/29/2024 0:01,23,93.5,21.9
LED_200,7/29/2024 1:01,22.5,99.5,22.4
LED_200,7/29/2024 2:01,23.5,96.5,22.9
LED_200,7/29/2024 3:01,24,94,23
LED_200,7/29/2024 4:01,23.5,94.5,22.6
LED_200,7/29/2024 5:01,23.5,95.5,22.7
LED_200,7/29/2024 6:01,23.5,92.5,22.2
LED_200,7/29/2024 7:01,24,91,22.4
LED_200,7/29/2024 8:01,23.5,95.5,22.7
LED_200,7/29/2024 9:01,21,100,21
LED_200,7/29/2024 10:01,21.5,100,21.5
LED_200,7/29/2024 11:01,22.5,100,22.5
LED_200,7/29/2024 12:01,25.5,100,25.5
LED_200,7/29/2024 13:01,27.5,100,27.5
LED_200,7/29/2024 14:01,29.5,87.5,27.2
LED_200,7/29/2024 15:01,33,72.5,27.4
LED_200,7/29/2024 16:01,36.5,58.5,27
LED_200,7/29/2024 17:01,38,56,27.7
LED_200,7/29/2024 18:01,32.5,68.5,25.9
LED_200,7/29/2024 19:01,30.5,75,25.6
LED_200,7/29/2024 20:01,29.5,78,25.3
LED_200,7/29/2024 21:01,29,80.5,25.3
LED_200,7/29/2024 22:01,28,84.5,25.1
LED_200,7/29/2024 23:01,27.5,87,25.1
LED_200,7/30/2024 0:01,27,90.5,25.3
LED_200,7/30/2024 1:01,26.5,91.5,25
LED_200,7/30/2024 2:01,26.5,92.5,25.2
LED_200,7/30/2024 3:01,26.5,90.5,24.8
LED_200,7/30/2024 4:01,25.5,93,24.3
LED_200,7/30/2024 5:01,25,95,24.1
LED_200,7/30/2024 6:01,25,94,24
LED_200,7/30/2024 7:01,25,94,24
LED_200,7/30/2024 8:01,26,91,24.4
LED_200,7/30/2024 9:01,27,86.5,24.6
LED_200,7/30/2024 10:01,27.5,85.5,24.8
LED_200,7/30/2024 11:01,29.5,81,25.9
LED_200,7/30/2024 12:01,32.5,71.5,26.7
LED_200,7/30/2024 13:01,33,68.5,26.4
LED_200,7/30/2024 14:01,33.5,66.5,26.4
LED_200,7/30/2024 15:01,36,62.5,27.7
LED_200,7/30/2024 16:01,31,74,25.8
LED_200,7/30/2024 17:01,22.5,100,22.5
LED_200,7/30/2024 18:01,22.5,100,22.5
LED_200,7/30/2024 19:01,23.5,100,23.5
LED_200,7/30/2024 20:01,23.5,100,23.5
LED_200,7/30/2024 21:01,23,100,23
LED_200,7/30/2024 22:01,23,100,23
LED_200,7/30/2024 23:01,23.5,96.5,22.9
LED_200,7/31/2024 0:01,23.5,97.5,23.1
LED_200,7/31/2024 1:01,23,99.5,22.9
LED_200,7/31/2024 2:01,23,96,22.3
LED_200,7/31/2024 3:01,23,95.5,22.2
LED_200,7/31/2024 4:01,23,98.5,22.8
LED_200,7/31/2024 5:01,23,100,23
LED_200,7/31/2024 6:01,24,98.5,23.7
LED_200,7/31/2024 7:01,24.5,95,23.6
LED_200,7/31/2024 8:01,25,93,23.8
LED_200,7/31/2024 9:01,27,88.5,24.9
LED_200,7/31/2024 10:01,28,85.5,25.3
LED_200,7/31/2024 11:01,30,78.5,25.8
LED_200,7/31/2024 12:01,28,73.5,22.8
LED_200,7/31/2024 13:01,31,67.5,24.3
LED_200,7/31/2024 14:01,31.5,69.5,25.2
LED_200,7/31/2024 15:01,35.5,62.5,27.2
LED_200,7/31/2024 16:01,38.5,54,27.5
LED_200,7/31/2024 17:01,44.5,42,28.6
LED_200,7/31/2024 18:01,35.5,59.5,26.4
LED_200,7/31/2024 19:01,31,73.5,25.7
LED_200,7/31/2024 20:01,29,82.5,25.7
LED_200,7/31/2024 21:01,28.5,86.5,26
LED_200,7/31/2024 22:01,28,88.5,25.9
LED_200,7/31/2024 23:01,28,87,25.6
LED_200,8/1/2024 0:01,28,83,24.8
LED_200,8/1/2024 1:01,28,82.5,24.7
LED_200,8/1/2024 2:01,27.5,82.5,24.2
LED_200,8/1/2024 3:01,27,83.5,24
LED_200,8/1/2024 4:01,26.5,86,24
LED_200,8/1/2024 5:01,24,85.5,21.4
LED_200,8/1/2024 6:01,23,89.5,21.2
LED_200,8/1/2024 7:01,23,91.5,21.5
LED_200,8/1/2024 8:01,24,90,22.3
LED_200,8/1/2024 9:01,26,84.5,23.2
LED_200,8/1/2024 10:01,26.5,83.5,23.5
LED_200,8/1/2024 11:01,28,81.5,24.5
LED_200,8/1/2024 12:01,31,69,24.6
LED_200,8/1/2024 13:01,32,65.5,24.7
LED_200,8/1/2024 14:01,33.5,62,25.2
LED_200,8/1/2024 15:01,34.5,54.5,24
LED_200,8/1/2024 16:01,39,46.5,25.4
LED_200,8/1/2024 17:01,38.5,47.5,25.3
LED_200,8/1/2024 18:01,30.5,67,23.7
LED_200,8/1/2024 19:01,29.5,71.5,23.8
LED_200,8/1/2024 20:01,28.5,71,22.7
LED_200,8/1/2024 21:01,28,73.5,22.8
LED_200,8/1/2024 22:01,27,81,23.5
LED_200,8/1/2024 23:01,25.5,85.5,22.9
LED_200,8/2/2024 0:01,25.5,85.5,22.9
LED_200,8/2/2024 1:01,24.5,88,22.4
LED_200,8/2/2024 2:01,24,90.5,22.3
LED_200,8/2/2024 3:01,23.5,94,22.5
LED_200,8/2/2024 4:01,23,94,22
LED_200,8/2/2024 5:01,22.5,96.5,21.9
LED_200,8/2/2024 6:01,22.5,96,21.8
LED_200,8/2/2024 7:01,22,96,21.3
LED_200,8/2/2024 8:01,23,90.5,21.4
LED_200,8/2/2024 9:01,24,82,20.7
LED_200,8/2/2024 10:01,24.5,79,20.6
LED_200,8/2/2024 11:01,25.5,74,20.5
LED_200,8/2/2024 12:01,27,71,21.3
LED_200,8/2/2024 13:01,27.5,70,21.5
LED_200,8/2/2024 14:01,28,68,21.5
LED_200,8/2/2024 15:01,32,53.5,21.4
LED_200,8/2/2024 16:01,30.5,57,21
LED_200,8/2/2024 17:01,29.5,60.5,21
LED_200,8/2/2024 18:01,29,63.5,21.4
LED_200,8/2/2024 19:01,27,68,20.6
LED_200,8/2/2024 20:01,25.5,72,20.1
LED_200,8/2/2024 21:01,24.5,76.5,20.1
LED_200,8/2/2024 22:01,24,80.5,20.4
LED_200,8/2/2024 23:01,23.5,83.5,20.5
LED_200,8/3/2024 0:01,23,85,20.3
LED_200,8/3/2024 1:01,22.5,88.5,20.5
LED_200,8/3/2024 2:01,22,91.5,20.6
LED_200,8/3/2024 3:01,21.5,93,20.3
LED_200,8/3/2024 4:01,21.5,93.5,20.4
LED_200,8/3/2024 5:01,21,95,20.2
LED_200,8/3/2024 6:01,21,95.5,20.3
LED_200,8/3/2024 7:01,21,96.5,20.4
LED_200,8/3/2024 8:01,22,94.5,21.1
LED_200,8/3/2024 9:01,25,86,22.5
LED_200,8/3/2024 10:01,26,80.5,22.4
LED_200,8/3/2024 11:01,28,73,22.7
LED_200,8/3/2024 12:01,31,56.5,21.3
LED_200,8/3/2024 13:01,32,55,21.8
LED_200,8/3/2024 14:01,32.5,57.5,23
LED_200,8/3/2024 15:01,38.5,44.5,24.2
LED_200,8/3/2024 16:01,44.5,36.5,26.2
LED_200,8/3/2024 17:01,42.5,35.5,24
LED_200,8/3/2024 18:01,34,51.5,22.6
LED_200,8/3/2024 19:01,29.5,66,22.5
LED_200,8/3/2024 20:01,27.5,69,21.3
LED_200,8/3/2024 21:01,26.5,70.5,20.7
LED_200,8/3/2024 22:01,26.5,73.5,21.4
LED_200,8/3/2024 23:01,25,82,21.7
LED_200,8/4/2024 0:01,23.5,87,21.2
LED_200,8/4/2024 1:01,23,92.5,21.7
LED_200,8/4/2024 2:01,22.5,96.5,21.9
LED_200,8/4/2024 3:01,22,96,21.3
LED_200,8/4/2024 4:01,23.5,90.5,21.9
LED_200,8/4/2024 5:01,22.5,94.5,21.6
LED_200,8/4/2024 6:01,23,91.5,21.5
LED_200,8/4/2024 7:01,23,91,21.4
LED_200,8/4/2024 8:01,23.5,89,21.6
LED_200,8/4/2024 9:01,26,80.5,22.4
LED_200,8/4/2024 10:01,27,78,22.8
LED_200,8/4/2024 11:01,29.5,68.5,23.1
LED_200,8/4/2024 12:01,32.5,58.5,23.3
LED_200,8/4/2024 13:01,33.5,56,23.5
LED_200,8/4/2024 14:01,34,55,23.7
LED_200,8/4/2024 15:01,38,47,24.7
LED_200,8/4/2024 16:01,42,39,25.2
LED_200,8/4/2024 17:01,45.5,35,26.4
LED_200,8/4/2024 18:01,35.5,51.5,24
LED_200,8/4/2024 19:01,30,64,22.4
LED_200,8/4/2024 20:01,29,68.5,22.6
LED_200,8/4/2024 21:01,28,75,23.1
LED_200,8/4/2024 22:01,27.5,73,22.2
LED_200,8/4/2024 23:01,26,83,22.9
LED_200,8/5/2024 0:01,26.5,74,21.5
LED_200,8/5/2024 1:01,24.5,82.5,21.3
LED_200,8/5/2024 2:01,24,87,21.7
LED_200,8/5/2024 3:01,25.5,80,21.8
LED_200,8/5/2024 4:01,24.5,82.5,21.3
LED_200,8/5/2024 5:01,24,85.5,21.4
LED_200,8/5/2024 6:01,24,83.5,21
LED_200,8/5/2024 7:01,23.5,86.5,21.1
LED_200,8/5/2024 8:01,24,87.5,21.8
LED_200,8/5/2024 9:01,26.5,81,23
LED_200,8/5/2024 10:01,28,76.5,23.5
LED_200,8/5/2024 11:01,30,71,24.2
LED_200,8/5/2024 12:01,34.5,58,25
LED_200,8/5/2024 13:01,34.5,52,23.2
LED_200,8/5/2024 14:01,34.5,49,22.2
LED_200,8/5/2024 15:01,40,41,24.2
LED_200,8/5/2024 16:01,46.5,30.5,24.9
LED_200,8/5/2024 17:01,49.5,27,25.4
LED_200,8/5/2024 18:01,36.5,45,22.6
LED_200,8/5/2024 19:01,31,62.5,23
LED_200,8/5/2024 20:01,29,66,22
LED_200,8/5/2024 21:01,28.5,65,21.3
LED_200,8/5/2024 22:01,28,67.5,21.4
LED_200,8/5/2024 23:01,26.5,71.5,20.9
LED_200,8/6/2024 0:01,26,76.5,21.5
LED_200,8/6/2024 1:01,26.5,75,21.7
LED_200,8/6/2024 2:01,24.5,84.5,21.7
LED_200,8/6/2024 3:01,23.5,91,21.9
LED_200,8/6/2024 4:01,23.5,87,21.2
LED_200,8/6/2024 5:01,23,89.5,21.2
LED_200,8/6/2024 6:01,23.5,85,20.8
LED_200,8/6/2024 7:01,23,84,20.1
LED_200,8/6/2024 8:01,24,78.5,20
LED_200,8/6/2024 9:01,26,72.5,20.7
LED_200,8/6/2024 10:01,28,69,21.8
LED_200,8/6/2024 11:01,30,63.5,22.3
LED_200,8/6/2024 12:01,34,55,23.7
LED_200,8/6/2024 13:01,34,54.5,23.5
LED_200,8/6/2024 14:01,34,55,23.7
LED_200,8/6/2024 15:01,31.5,61.5,23.2
LED_200,8/6/2024 16:01,31,64.5,23.5
LED_200,8/6/2024 17:01,37.5,45.5,23.7
LED_200,8/6/2024 18:01,27.5,64.5,20.2
LED_200,8/6/2024 19:01,23.5,74.5,18.7
LED_200,8/6/2024 20:01,22.5,80,18.9
LED_200,8/6/2024 21:01,20.5,84,17.7
LED_200,8/6/2024 22:01,19,93.5,17.9
LED_200,8/6/2024 23:01,19,95.5,18.3
LED_200,8/7/2024 0:01,19,93,17.8
LED_200,8/7/2024 1:01,18.5,97.5,18.1
LED_200,8/7/2024 2:01,18.5,98.5,18.3
LED_200,8/7/2024 3:01,18.5,99.5,18.4
LED_200,8/7/2024 4:01,18.5,99.5,18.4
LED_200,8/7/2024 5:01,18.5,99.5,18.4
LED_200,8/7/2024 6:01,18.5,100,18.5
LED_200,8/7/2024 7:01,18.5,100,18.5
LED_200,8/7/2024 8:01,19,99.5,18.9
LED_200,8/7/2024 9:01,19.5,98.5,19.3
LED_200,8/7/2024 10:01,20.5,89.5,18.7
LED_200,8/7/2024 11:01,21.5,85,18.9
LED_200,8/7/2024 12:01,22.5,79.5,18.8
LED_200,8/7/2024 13:01,23.5,75.5,18.9
LED_200,8/7/2024 14:01,23.5,73,18.4
LED_200,8/7/2024 15:01,24,72,18.6
LED_200,8/7/2024 16:01,25,69,18.9
LED_200,8/7/2024 17:01,25,67.5,18.6
LED_200,8/7/2024 18:01,25,70.5,19.3
LED_200,8/7/2024 19:01,23,77.5,18.9
LED_200,8/7/2024 20:01,22,83,19
LED_200,8/7/2024 21:01,22,83.5,19.1
LED_200,8/7/2024 22:01,21.5,85,18.9
LED_200,8/7/2024 23:01,21,87,18.8
LED_200,8/8/2024 0:01,21,88.5,19
LED_200,8/8/2024 1:01,20,92.5,18.7
LED_200,8/8/2024 2:01,20,95,19.2
LED_200,8/8/2024 3:01,19.5,96,18.8
LED_200,8/8/2024 4:01,19,96.5,18.4
LED_200,8/8/2024 5:01,19,98,18.7
LED_200,8/8/2024 6:01,19,98,18.7
LED_200,8/8/2024 7:01,19,98,18.7
LED_200,8/8/2024 8:01,20,96.5,19.4
LED_200,8/8/2024 9:01,21.5,90.5,19.9
LED_200,8/8/2024 10:01,24,81,20.5
LED_200,8/8/2024 11:01,25,73,19.8
LED_200,8/8/2024 12:01,27.5,65,20.3
LED_200,8/8/2024 13:01,27,63,19.4
LED_200,8/8/2024 14:01,27.5,64,20.1
LED_200,8/8/2024 15:01,30,58,20.8
LED_200,8/8/2024 16:01,31,53.5,20.4
LED_200,8/8/2024 17:01,27,61,18.8
LED_200,8/8/2024 18:01,25,66.5,18.3
LED_200,8/8/2024 19:01,24,70.5,18.3
LED_200,8/8/2024 20:01,24,73.5,19
LED_200,8/8/2024 21:01,23.5,78,19.4
LED_200,8/8/2024 22:01,22.5,83,19.5
LED_200,8/8/2024 23:01,22,86.5,19.6
LED_200,8/9/2024 0:01,21.5,89,19.6
LED_200,8/9/2024 1:01,22.5,87.5,20.3
LED_200,8/9/2024 2:01,22,84,19.2
LED_200,8/9/2024 3:01,21.5,75,16.9
LED_200,8/9/2024 4:01,21,70.5,15.4
LED_200,8/9/2024 5:01,20.5,68.5,14.5
LED_200,8/9/2024 6:01,20,67,13.7
LED_200,8/9/2024 7:01,18,72,12.9
LED_200,8/9/2024 8:01,18,74.5,13.4
LED_200,8/9/2024 9:01,19,69.5,13.3
LED_200,8/9/2024 10:01,20.5,64,13.5
LED_200,8/9/2024 11:01,21.5,56,12.4
LED_200,8/9/2024 12:01,25,52.5,14.6
LED_200,8/9/2024 13:01,25.5,50,14.3
LED_200,8/9/2024 14:01,25.5,49,14
LED_200,8/9/2024 15:01,28,45,15
LED_200,8/9/2024 16:01,35,34,16.8
LED_200,8/9/2024 17:01,36.5,31,16.6
LED_200,8/9/2024 18:01,25.5,48,13.7
LED_200,8/9/2024 19:01,22,60.5,14
LED_200,8/9/2024 20:01,20,69.5,14.3
LED_200,8/9/2024 21:01,19.5,70,13.9
LED_200,8/9/2024 22:01,19,69,13.2
LED_200,8/9/2024 23:01,18.5,72,13.4
LED_200,8/10/2024 0:01,18,73,13.1
LED_200,8/10/2024 1:01,16.5,81,13.2
LED_200,8/10/2024 2:01,15.5,85.5,13.1
LED_200,8/10/2024 3:01,15,86.5,12.8
LED_200,8/10/2024 4:01,15,86.5,12.8
LED_200,8/10/2024 5:01,14.5,88.5,12.6
LED_200,8/10/2024 6:01,14,90.5,12.5
LED_200,8/10/2024 7:01,13.5,92,12.2
LED_200,8/10/2024 8:01,15,90.5,13.5
LED_200,8/10/2024 9:01,17.5,84,14.8
LED_200,8/10/2024 10:01,20.5,68.5,14.5
LED_200,8/10/2024 11:01,22.5,56,13.3
LED_200,8/10/2024 12:01,26,44.5,13
LED_200,8/10/2024 13:01,26,48.5,14.3
LED_200,8/10/2024 14:01,26.5,44.5,13.4
LED_200,8/10/2024 15:01,29.5,37.5,13.5
LED_200,8/10/2024 16:01,29.5,41.5,15.1
LED_200,8/10/2024 17:01,31.5,39.5,16.1
LED_200,8/10/2024 18:01,23.5,56,14.2
LED_200,8/10/2024 19:01,22,62.5,14.5
LED_200,8/10/2024 20:01,20.5,66.5,14
LED_200,8/10/2024 21:01,20.5,63.5,13.3
LED_200,8/10/2024 22:01,20,66.5,13.6
LED_200,8/10/2024 23:01,19,74.5,14.4
LED_200,8/11/2024 0:01,19,76.5,14.8
LED_200,8/11/2024 1:01,19,75,14.5
LED_200,8/11/2024 2:01,18.5,79,14.8
LED_200,8/11/2024 3:01,18,80,14.5
LED_200,8/11/2024 4:01,18.5,80.5,15.1
LED_200,8/11/2024 5:01,18.5,83,15.6
LED_200,8/11/2024 6:01,18,83.5,15.2
LED_200,8/11/2024 7:01,18.5,83.5,15.7
LED_200,8/11/2024 8:01,19,79.5,15.4
LED_200,8/11/2024 9:01,22,71,16.5
LED_200,8/11/2024 10:01,23.5,63,16.1
LED_200,8/11/2024 11:01,25,53.5,14.9
LED_200,8/11/2024 12:01,29,46.5,16.4
LED_200,8/11/2024 13:01,29,46,16.2
LED_200,8/11/2024 14:01,29,43,15.2
LED_200,8/11/2024 15:01,29.5,43.5,15.8
LED_200,8/11/2024 16:01,36,35,18.1
LED_200,8/11/2024 17:01,26,54,16
LED_200,8/11/2024 18:01,24.5,58.5,15.8
LED_200,8/11/2024 19:01,24.5,63.5,17.1
LED_200,8/11/2024 20:01,22.5,67.5,16.2
LED_200,8/11/2024 21:01,22.5,65,15.6
LED_200,8/11/2024 22:01,22.5,67,16.1
LED_200,8/11/2024 23:01,21.5,70,15.8
LED_200,8/12/2024 0:01,21.5,69.5,15.7
LED_200,8/12/2024 1:01,21.5,70.5,15.9
LED_200,8/12/2024 2:01,21,71.5,15.7
LED_200,8/12/2024 3:01,21,74,16.2
LED_200,8/12/2024 4:01,20.5,77.5,16.4
LED_200,8/12/2024 5:01,20.5,77,16.3
LED_200,8/12/2024 6:01,20,78.5,16.1
LED_200,8/12/2024 7:01,21,70,15.3
LED_200,8/12/2024 8:01,21.5,72,16.2
LED_200,8/12/2024 9:01,22,70.5,16.4
LED_200,8/12/2024 10:01,22,77,17.8
LED_200,8/12/2024 11:01,22,78.5,18.1
LED_200,8/12/2024 12:01,21,84.5,18.3
LED_200,8/12/2024 13:01,19.5,98,19.2
LED_200,8/12/2024 14:01,19,99.5,18.9
LED_200,8/12/2024 15:01,19,100,19
LED_200,8/12/2024 16:01,19,100,19
LED_200,8/12/2024 17:01,19,100,19
LED_200,8/12/2024 18:01,19,100,19
LED_200,8/12/2024 19:01,19,100,19
LED_200,8/12/2024 20:01,18.5,100,18.5
LED_200,8/12/2024 21:01,18.5,100,18.5
LED_200,8/12/2024 22:01,18,100,18
LED_200,8/12/2024 23:01,18,100,18
LED_200,8/13/2024 0:01,18,100,18
LED_200,8/13/2024 1:01,17.5,100,17.5
LED_200,8/13/2024 2:01,17.5,100,17.5
LED_200,8/13/2024 3:01,17.5,100,17.5
LED_200,8/13/2024 4:01,17.5,100,17.5
LED_200,8/13/2024 5:01,17.5,100,17.5
LED_200,8/13/2024 6:01,17.5,100,17.5
LED_200,8/13/2024 7:01,17.5,100,17.5
LED_200,8/13/2024 8:01,18,100,18
LED_200,8/13/2024 9:01,19,100,19
LED_200,8/13/2024 10:01,20,100,20
LED_200,8/13/2024 11:01,21.5,100,21.5
LED_200,8/13/2024 12:01,23,100,23
LED_200,8/13/2024 13:01,23.5,94,22.5
LED_200,8/13/2024 14:01,25.5,87,23.2
LED_200,8/13/2024 15:01,25.5,81.5,22.1
LED_200,8/13/2024 16:01,26.5,78,22.3
LED_200,8/13/2024 17:01,30.5,61.5,22.3
LED_200,8/13/2024 18:01,25.5,77,21.2
LED_200,8/13/2024 19:01,24.5,80.5,20.9
LED_200,8/13/2024 20:01,23,84.5,20.2
LED_200,8/13/2024 21:01,22.5,87.5,20.3
LED_200,8/13/2024 22:01,22.5,87.5,20.3
LED_200,8/13/2024 23:01,22.5,88,20.4
LED_200,8/14/2024 0:01,22.5,90.5,20.9
LED_200,8/14/2024 1:01,22.5,88.5,20.5
LED_200,8/14/2024 2:01,22,88.5,20
LED_200,8/14/2024 3:01,22,88.5,20
LED_200,8/14/2024 4:01,21.5,89,19.6
LED_200,8/14/2024 5:01,21.5,90,19.8
LED_200,8/14/2024 6:01,21,90,19.3
LED_200,8/14/2024 7:01,21,89.5,19.2
LED_200,8/14/2024 8:01,21.5,88.5,19.5
LED_200,8/14/2024 9:01,23,84,20.1
LED_200,8/14/2024 10:01,24.5,81,21
LED_200,8/14/2024 11:01,25.5,80,21.8
LED_200,8/14/2024 12:01,23,88,20.9
LED_200,8/14/2024 13:01,21.5,98.5,21.3
LED_200,8/14/2024 14:01,21,100,21
LED_200,8/14/2024 15:01,22.5,100,22.5
LED_200,8/14/2024 16:01,23,100,23
LED_200,8/14/2024 17:01,25,100,25
LED_200,8/14/2024 18:01,24.5,100,24.5
LED_200,8/14/2024 19:01,23.5,100,23.5
LED_200,8/14/2024 20:01,22.5,100,22.5
LED_200,8/14/2024 21:01,22.5,100,22.5
LED_200,8/14/2024 22:01,22,100,22
LED_200,8/14/2024 23:01,22,100,22
LED_200,8/15/2024 0:01,22.5,100,22.5
LED_200,8/15/2024 1:01,22.5,100,22.5
LED_200,8/15/2024 2:01,22.5,100,22.5
LED_200,8/15/2024 3:01,22.5,100,22.5
LED_200,8/15/2024 4:01,22.5,100,22.5
LED_200,8/15/2024 5:01,22.5,100,22.5
LED_200,8/15/2024 6:01,22,100,22
LED_200,8/15/2024 7:01,22,100,22
LED_200,8/15/2024 8:01,22.5,100,22.5
LED_200,8/15/2024 9:01,24,98.5,23.7
LED_200,8/15/2024 10:01,25,94.5,24.1
LED_200,8/15/2024 11:01,27,87.5,24.7
LED_200,8/15/2024 12:01,30,79,26
LED_200,8/15/2024 13:01,30,74,24.9
LED_200,8/15/2024 14:01,31,64.5,23.5
LED_200,8/15/2024 15:01,33,64,25.3
LED_200,8/15/2024 16:01,36.5,58,26.9
LED_200,8/15/2024 17:01,42.5,41.5,26.7
LED_200,8/15/2024 18:01,35,56,24.9
LED_200,8/15/2024 19:01,30.5,72,24.9
LED_200,8/15/2024 20:01,28.5,77,24.1
LED_200,8/15/2024 21:01,25.5,96.5,24.9
LED_200,8/15/2024 22:01,24,97.5,23.6
LED_200,8/15/2024 23:01,21.5,100,21.5
LED_200,8/16/2024 0:01,22,100,22
LED_200,8/16/2024 1:01,22,100,22
LED_200,8/16/2024 2:01,21.5,100,21.5
LED_200,8/16/2024 3:01,21.5,100,21.5
LED_200,8/16/2024 4:01,21.5,100,21.5
LED_200,8/16/2024 5:01,21.5,100,21.5
LED_200,8/16/2024 6:01,21.5,100,21.5
LED_200,8/16/2024 7:01,21.5,100,21.5
LED_200,8/16/2024 8:01,21.5,100,21.5
LED_200,8/16/2024 9:01,22.5,100,22.5
LED_200,8/16/2024 10:01,24.5,100,24.5
LED_200,8/16/2024 11:01,26.5,100,26.5
LED_200,8/16/2024 12:01,29,97,28.5
LED_200,8/16/2024 13:01,30,74.5,25
LED_200,8/16/2024 14:01,31,68,24.4
LED_200,8/16/2024 15:01,33.5,58.5,24.2
LED_200,8/16/2024 16:01,42,38.5,24.9
LED_200,8/16/2024 17:01,43,35.5,24.5
LED_200,8/16/2024 18:01,31.5,54,21.1
LED_200,8/16/2024 19:01,29,64,21.5
LED_200,8/16/2024 20:01,27.5,64,20.1
LED_200,8/16/2024 21:01,27,68,20.6
LED_200,8/16/2024 22:01,26.5,71.5,20.9
LED_200,8/16/2024 23:01,24.5,81,21
LED_200,8/17/2024 0:01,24.5,79,20.6
LED_200,8/17/2024 1:01,24,83.5,21
LED_200,8/17/2024 2:01,23.5,86,21
LED_200,8/17/2024 3:01,24,84.5,21.2
LED_200,8/17/2024 4:01,23,88.5,21
LED_200,8/17/2024 5:01,22,92.5,20.7
LED_200,8/17/2024 6:01,22,94.5,21.1
LED_200,8/17/2024 7:01,22,94,21
LED_200,8/17/2024 8:01,22.5,92,21.1
LED_200,8/17/2024 9:01,24,89.5,22.2
LED_200,8/17/2024 10:01,26,83,22.9
LED_200,8/17/2024 11:01,28,74.5,23
LED_200,8/17/2024 12:01,30,68.5,23.6
LED_200,8/17/2024 13:01,30.5,66.5,23.5
LED_200,8/17/2024 14:01,31,61,22.6
LED_200,8/17/2024 15:01,32,58.5,22.8
LED_200,8/17/2024 16:01,37,43.5,22.5
LED_200,8/17/2024 17:01,40,37.5,22.7
LED_200,8/17/2024 18:01,29.5,53.5,19.1
LED_200,8/17/2024 19:01,27,64.5,19.7
LED_200,8/17/2024 20:01,25.5,71,19.9
LED_200,8/17/2024 21:01,24.5,74.5,19.7
LED_200,8/17/2024 22:01,23.5,80,19.8
LED_200,8/17/2024 23:01,23.5,80,19.8
LED_200,8/18/2024 0:01,22.5,82.5,19.4
LED_200,8/18/2024 1:01,21.5,88.5,19.5
LED_200,8/18/2024 2:01,21.5,90.5,19.9
LED_200,8/18/2024 3:01,21,91.5,19.6
LED_200,8/18/2024 4:01,20.5,93.5,19.4
LED_200,8/18/2024 5:01,20,95.5,19.3
LED_200,8/18/2024 6:01,19.5,96,18.8
LED_200,8/18/2024 7:01,19.5,95.5,18.8
LED_200,8/18/2024 8:01,20,94.5,19.1
LED_200,8/18/2024 9:01,22,86.5,19.6
LED_200,8/18/2024 10:01,23.5,80.5,19.9
LED_200,8/18/2024 11:01,25,72.5,19.7
LED_200,8/18/2024 12:01,28.5,62.5,20.6
LED_200,8/18/2024 13:01,27.5,64,20.1
LED_200,8/18/2024 14:01,27,65,19.9
LED_200,8/18/2024 15:01,31,58,21.8
LED_200,8/18/2024 16:01,31.5,55.5,21.5
LED_200,8/18/2024 17:01,43,33,23.2
LED_200,8/18/2024 18:01,28,55.5,18.3
LED_200,8/18/2024 19:01,25.5,61.5,17.6
LED_200,8/18/2024 20:01,24.5,66,17.7
LED_200,8/18/2024 21:01,23.5,71.5,18
LED_200,8/18/2024 22:01,22.5,76,18.1
LED_200,8/18/2024 23:01,21.5,81,18.1
LED_200,8/19/2024 0:01,21,82.5,17.9
LED_200,8/19/2024 1:01,20.5,86,18.1
LED_200,8/19/2024 2:01,19.5,91.5,18.1
LED_200,8/19/2024 3:01,19.5,93,18.3
LED_200,8/19/2024 4:01,19,93.5,17.9
LED_200,8/19/2024 5:01,19,93,17.8
LED_200,8/19/2024 6:01,18.5,95,17.7
LED_200,8/19/2024 7:01,18.5,95.5,17.8
LED_200,8/19/2024 8:01,19.5,94.5,18.6
LED_200,8/19/2024 9:01,21.5,90.5,19.9
LED_200,8/19/2024 10:01,23.5,82,20.2
LED_200,8/19/2024 11:01,25.5,73,20.3
LED_200,8/19/2024 12:01,27,68,20.6
LED_200,8/19/2024 13:01,28,63.5,20.4
LED_200,8/19/2024 14:01,29,57.5,19.8
LED_200,8/19/2024 15:01,30.5,54,20.1
LED_200,8/19/2024 16:01,41,32.5,21.3
LED_200,8/19/2024 17:01,38,36,20.3
LED_200,8/19/2024 18:01,29,52,18.1
LED_200,8/19/2024 19:01,25.5,59,16.9
LED_200,8/19/2024 20:01,24.5,63,17
LED_200,8/19/2024 21:01,23.5,68,17.3
LED_200,8/19/2024 22:01,22.5,69.5,16.6
LED_200,8/19/2024 23:01,21.5,70,15.8
LED_200,8/20/2024 0:01,20.5,67,14.2
LED_200,8/20/2024 1:01,19.5,70,13.9
LED_200,8/20/2024 2:01,18,77.5,14
LED_200,8/20/2024 3:01,17,81.5,13.8
LED_200,8/20/2024 4:01,16.5,80.5,13.1
LED_200,8/20/2024 5:01,16,85.5,13.6
LED_200,8/20/2024 6:01,15.5,84,12.8
LED_200,8/20/2024 7:01,15.5,86.5,13.3
LED_200,8/20/2024 8:01,16.5,83.5,13.7
LED_200,8/20/2024 9:01,19,74.5,14.4
LED_200,8/20/2024 10:01,21,63.5,13.8
LED_200,8/20/2024 11:01,23,59,14.6
LED_200,8/20/2024 12:01,25,55,15.3
LED_200,8/20/2024 13:01,25,56,15.6
LED_200,8/20/2024 14:01,25.5,54,15.5
LED_200,8/20/2024 15:01,26.5,50.5,15.4
LED_200,8/20/2024 16:01,27.5,47,15.2
LED_200,8/20/2024 17:01,34,36.5,17
LED_200,8/20/2024 18:01,27,50,15.7
LED_200,8/20/2024 19:01,23.5,55.5,14.1
LED_200,8/20/2024 20:01,21,68,14.9
LED_200,8/20/2024 21:01,20.5,63.5,13.3
LED_200,8/20/2024 22:01,20,64.5,13.1
LED_200,8/20/2024 23:01,19,65,12.3
LED_200,8/21/2024 0:01,18.5,69,12.7
LED_200,8/21/2024 1:01,17.5,74.5,12.9
LED_200,8/21/2024 2:01,17,76,12.7
LED_200,8/21/2024 3:01,16.5,80.5,13.1
LED_200,8/21/2024 4:01,16.5,81,13.2
LED_200,8/21/2024 5:01,16.5,82.5,13.5
LED_200,8/21/2024 6:01,16.5,84,13.8
LED_200,8/21/2024 7:01,16.5,83,13.6
LED_200,8/21/2024 8:01,17,82.5,14
LED_200,8/21/2024 9:01,17.5,81.5,14.3
LED_200,8/21/2024 10:01,19,77.5,15
LED_200,8/21/2024 11:01,19,76,14.7
LED_200,8/21/2024 12:01,20.5,64,13.5
LED_200,8/21/2024 13:01,22.5,55.5,13.2
LED_200,8/21/2024 14:01,22.5,58,13.8
LED_200,8/21/2024 15:01,24,54.5,14.3
LED_200,8/21/2024 16:01,38.5,28,16.7
LED_200,8/21/2024 17:01,42.5,21.5,15.9
LED_200,8/21/2024 18:01,26.5,38,11
LED_200,8/21/2024 19:01,21.5,52.5,11.4
LED_200,8/21/2024 20:01,19.5,60.5,11.7
LED_200,8/21/2024 21:01,18.5,64.5,11.7
LED_200,8/21/2024 22:01,18,67.5,11.9
LED_200,8/21/2024 23:01,17,74,12.3
